--Puestos Final R.E
INSERT INTO puestos(id_puesto, descripcion, es_administrativo, puesto, puesto_habilitado, salario_maximo, salario_minimo, usuario_requerido)
     VALUES      (500, 'Descripción del puesto', 1 , 'Administrador Presupuestario', 1, 5000, 1200, 1);;
INSERT INTO puestos(id_puesto, descripcion, es_administrativo, puesto, puesto_habilitado, salario_maximo, salario_minimo, usuario_requerido)
     VALUES      (501, 'Descripción del puesto', 1 , 'Jefe de Unidad', 1 , 4000, 800, 1);;
INSERT INTO puestos(id_puesto, descripcion, es_administrativo, puesto, puesto_habilitado, salario_maximo, salario_minimo, usuario_requerido)
     VALUES      (502, 'Descripción del puesto', 1 , 'Jefe de planilla', 1 , 1000, 360, 1);;
INSERT INTO puestos(id_puesto, descripcion, es_administrativo, puesto, puesto_habilitado, salario_maximo, salario_minimo, usuario_requerido)
     VALUES      (503, 'Descripción del puesto', 1 , 'Administrador de Sistema', 0 , 1000, 360, 0);;
INSERT INTO puestos(id_puesto, descripcion, es_administrativo, puesto, puesto_habilitado, salario_maximo, salario_minimo, usuario_requerido)
     VALUES      (504, 'Descripción del puesto', 0 , 'Analista de Sistemas', 1 , 1000, 360, 0);;
INSERT INTO puestos(id_puesto, descripcion, es_administrativo, puesto, puesto_habilitado, salario_maximo, salario_minimo, usuario_requerido)
     VALUES      (505, 'Descripción del puesto', 1 , 'Auxiliar de planilla', 1 , 1000, 360, 1);;
INSERT INTO puestos(id_puesto, descripcion, es_administrativo, puesto, puesto_habilitado, salario_maximo, salario_minimo, usuario_requerido)
     VALUES      (506, 'Descripción del puesto', 0 , 'Asesor Legal', 0 , 1000, 360, 0);;
INSERT INTO puestos(id_puesto, descripcion, es_administrativo, puesto, puesto_habilitado, salario_maximo, salario_minimo, usuario_requerido)
     VALUES      (507, 'Descripción del puesto', 1 , 'Contador', 1 , 1000, 360, 0);;
INSERT INTO puestos(id_puesto, descripcion, es_administrativo, puesto, puesto_habilitado, salario_maximo, salario_minimo, usuario_requerido)
     VALUES      (508, 'Descripción del puesto', 1 , 'Auxiliar Contable', 1 , 1000, 360, 0);;
INSERT INTO puestos(id_puesto, descripcion, es_administrativo, puesto, puesto_habilitado, salario_maximo, salario_minimo, usuario_requerido)
     VALUES      (509, 'Descripción del puesto', 1 , 'Secretaria', 1 , 1000, 360, 0);;
INSERT INTO puestos(id_puesto, descripcion, es_administrativo, puesto, puesto_habilitado, salario_maximo, salario_minimo, usuario_requerido)
     VALUES      (510, 'Descripción del puesto', 0 , 'Programador', 1 , 1000, 360, 0);;
INSERT INTO puestos(id_puesto, descripcion, es_administrativo, puesto, puesto_habilitado, salario_maximo, salario_minimo, usuario_requerido)
     VALUES      (511, 'Descripción del puesto', 1 , 'Soporte técnico', 1 , 1000, 360, 0);;
INSERT INTO puestos(id_puesto, descripcion, es_administrativo, puesto, puesto_habilitado, salario_maximo, salario_minimo, usuario_requerido)
     VALUES      (512, 'Descripción del puesto', 1 , 'Técnico de Redes', 1 , 1000, 360, 0);;
INSERT INTO puestos(id_puesto, descripcion, es_administrativo, puesto, puesto_habilitado, salario_maximo, salario_minimo, usuario_requerido)
     VALUES      (513, 'Descripción del puesto', 1 , 'Administrador de Bases de Datos', 1 , 1000, 360, 0);;

-- Profesiones Fin R.E.
INSERT INTO profesiones(id_profesion, profesion, es_profesion, profesion_habilitada) VALUES (500, 'Ingeniero en Sistemas Informáticos', 1, 1);;
INSERT INTO profesiones(id_profesion, profesion, es_profesion, profesion_habilitada) VALUES (501, 'Ingeniero en Redes Informáticas', 1, 1);;
INSERT INTO profesiones(id_profesion, profesion, es_profesion, profesion_habilitada) VALUES (502, 'Ingeniero Electricista', 1, 1);;
INSERT INTO profesiones(id_profesion, profesion, es_profesion, profesion_habilitada) VALUES (503, 'Ingeniero Industrial', 1, 0);;
INSERT INTO profesiones(id_profesion, profesion, es_profesion, profesion_habilitada) VALUES (504, 'Licenciado en Administración de Empresas', 1, 1);;
INSERT INTO profesiones(id_profesion, profesion, es_profesion, profesion_habilitada) VALUES (505, 'Licenciado en Contaduría Pública', 1, 1);;
INSERT INTO profesiones(id_profesion, profesion, es_profesion, profesion_habilitada) VALUES (506, 'Licenciado en Economía', 1, 1);;
INSERT INTO profesiones(id_profesion, profesion, es_profesion, profesion_habilitada) VALUES (507, 'Técnico en Sistemas Informáticos', 1, 1);;
INSERT INTO profesiones(id_profesion, profesion, es_profesion, profesion_habilitada) VALUES (508, 'Técnico en Base de Datos', 1, 1);;
INSERT INTO profesiones(id_profesion, profesion, es_profesion, profesion_habilitada) VALUES (509, 'Técnico en Redes Computacionales', 1, 1);;
INSERT INTO profesiones(id_profesion, profesion, es_profesion, profesion_habilitada) VALUES (510, 'Técnico en Hardware Computacional', 1, 1);;
INSERT INTO profesiones(id_profesion, profesion, es_profesion, profesion_habilitada) VALUES (511, 'Plomero', 0, 1);;
INSERT INTO profesiones(id_profesion, profesion, es_profesion, profesion_habilitada) VALUES (512, 'Chofer', 0, 1);;
INSERT INTO profesiones(id_profesion, profesion, es_profesion, profesion_habilitada) VALUES (513, 'Pintor', 0, 1);;
INSERT INTO profesiones(id_profesion, profesion, es_profesion, profesion_habilitada) VALUES (514, 'Licenciado en Psicología', 1, 1);;
INSERT INTO profesiones(id_profesion, profesion, es_profesion, profesion_habilitada) VALUES (515, 'Licenciado en Ciencias Jurídicas', 1, 1);;


-- Tipos Documentos Fin R.E.
INSERT INTO tipos_documento(id_tipo_documento, tipo_documento, formato, tipo_documento_habilitado) VALUES (500, 'DUI','00000000-0',1);;
INSERT INTO tipos_documento(id_tipo_documento, tipo_documento, formato, tipo_documento_habilitado) VALUES (501, 'NIT','0000-000000-000-0',1);;
INSERT INTO tipos_documento(id_tipo_documento, tipo_documento, formato, tipo_documento_habilitado) VALUES (502, 'NUP','000000000000',1);;
INSERT INTO tipos_documento(id_tipo_documento, tipo_documento, formato, tipo_documento_habilitado) VALUES (503, 'ISSS','000000000',1);;
INSERT INTO tipos_documento(id_tipo_documento, tipo_documento, formato, tipo_documento_habilitado) VALUES (504, 'Licencia de Conducir','0000-000000-000-0',1);;

-- Privilegios Fin R.E
INSERT ALL INTO PRIVILEGIOS VALUES(500, 'INDEX')
           INTO PRIVILEGIOS VALUES(501, 'EDIT') 
           INTO PRIVILEGIOS VALUES(502, 'CREATE') 
           INTO PRIVILEGIOS VALUES(503, 'DELETE')
           INTO PRIVILEGIOS VALUES(504, 'SHOW')

SELECT * FROM DUAL;;

INSERT ALL INTO RECURSOS VALUES(500, 'EMPLEADO')
		   INTO	RECURSOS VALUES(501, 'EMPRESA')
		   INTO	RECURSOS VALUES(502, 'GENERO')
		   INTO	RECURSOS VALUES(503, 'TIPODOCUMENTO')
		   INTO	RECURSOS VALUES(504, 'PUESTO')
		   INTO	RECURSOS VALUES(505, 'PROFESION')
		   INTO	RECURSOS VALUES(506, 'TIPOMOVIMIENTO')
		   INTO	RECURSOS VALUES(507, 'UNIDADORGANIZACIONAL')
		   INTO	RECURSOS VALUES(508, 'UNIDADORGANIZACIONAL_JEFE')
		   INTO	RECURSOS VALUES(509, 'PRESUPUESTO')
		   INTO	RECURSOS VALUES(510, 'RANGO_COMISION')
		   INTO	RECURSOS VALUES(511, 'DEPARTAMENTO')
		   INTO	RECURSOS VALUES(512, 'DIAFESTIVO')
		   INTO	RECURSOS VALUES(513, 'PLANILLA')
SELECT * FROM DUAL;;

INSERT ALL INTO ROLES VALUES(500, 'ROLE_ADMIN')
       INTO ROLES VALUES(501, 'ROLE_JEFE_PLANILLA')
       INTO ROLES VALUES(502, 'ROLE_AUXILIAR')
       INTO ROLES VALUES(503, 'ROLE_PRESUPUESTO')
       INTO ROLES VALUES(504, 'ROLE_USER')
       INTO ROLES VALUES(505, 'ROLE_JEFEUNIDAD')
SELECT * FROM DUAL;;

-- Falta modificar cada quien los IDs de Usuario y seccionar por role con comentario
INSERT ALL 
         -- AGREGANDO PRIVILEGIOS AL ROL ADMIN PARA EMPLEADOS
         INTO ROLES_RECURSOS_PRIVILEGIOS VALUES(500,500,500,500)
		     INTO ROLES_RECURSOS_PRIVILEGIOS VALUES(501,501,500,500)
		     INTO ROLES_RECURSOS_PRIVILEGIOS VALUES(502,502,500,500)
  		   INTO ROLES_RECURSOS_PRIVILEGIOS VALUES(503,503,500,500)
  		   INTO ROLES_RECURSOS_PRIVILEGIOS VALUES(504,504,500,500)

  		   INTO ROLES_RECURSOS_PRIVILEGIOS VALUES(505,1,2,1)
		     INTO ROLES_RECURSOS_PRIVILEGIOS VALUES(506,2,2,1)
		     INTO ROLES_RECURSOS_PRIVILEGIOS VALUES(507,3,2,1)
  		   INTO ROLES_RECURSOS_PRIVILEGIOS VALUES(508,4,2,1)
  		   INTO ROLES_RECURSOS_PRIVILEGIOS VALUES(509,5,2,1)
  		   INTO ROLES_RECURSOS_PRIVILEGIOS VALUES(510,1,3,1)
		     INTO ROLES_RECURSOS_PRIVILEGIOS VALUES(511,2,3,1)
		     INTO ROLES_RECURSOS_PRIVILEGIOS VALUES(512,3,3,1)
  		   INTO ROLES_RECURSOS_PRIVILEGIOS VALUES(513,4,3,1)
  		   INTO ROLES_RECURSOS_PRIVILEGIOS VALUES(514,5,3,1)
  		   INTO ROLES_RECURSOS_PRIVILEGIOS VALUES(515,1,4,1)
		     INTO ROLES_RECURSOS_PRIVILEGIOS VALUES(516,2,4,1)
		     INTO ROLES_RECURSOS_PRIVILEGIOS VALUES(517,3,4,1)
  		   INTO ROLES_RECURSOS_PRIVILEGIOS VALUES(518,4,4,1)
  		   INTO ROLES_RECURSOS_PRIVILEGIOS VALUES(519,5,4,1)
  		   INTO ROLES_RECURSOS_PRIVILEGIOS VALUES(520,1,5,1)
		     INTO ROLES_RECURSOS_PRIVILEGIOS VALUES(521,2,5,1)
		     INTO ROLES_RECURSOS_PRIVILEGIOS VALUES(522,3,5,1)
  		   INTO ROLES_RECURSOS_PRIVILEGIOS VALUES(523,4,5,1)
  		   INTO ROLES_RECURSOS_PRIVILEGIOS VALUES(524,5,5,1)
  		   INTO ROLES_RECURSOS_PRIVILEGIOS VALUES(525,1,6,1)
		     INTO ROLES_RECURSOS_PRIVILEGIOS VALUES(526,2,6,1)
		     INTO ROLES_RECURSOS_PRIVILEGIOS VALUES(527,3,6,1)
  		   INTO ROLES_RECURSOS_PRIVILEGIOS VALUES(528,4,6,1)
  		   INTO ROLES_RECURSOS_PRIVILEGIOS VALUES(529,5,6,1)

  		   INTO ROLES_RECURSOS_PRIVILEGIOS VALUES(530,1,1,5)
  		   INTO ROLES_RECURSOS_PRIVILEGIOS VALUES(531,1,2,5)
  		   INTO ROLES_RECURSOS_PRIVILEGIOS VALUES(532,1,3,5)
  		   INTO ROLES_RECURSOS_PRIVILEGIOS VALUES(533,1,4,5)
  		   INTO ROLES_RECURSOS_PRIVILEGIOS VALUES(534,1,5,5)
  		   INTO ROLES_RECURSOS_PRIVILEGIOS VALUES(535,1,6,5)
  		   
  		   INTO ROLES_RECURSOS_PRIVILEGIOS VALUES(536,1,7,1)
  		   INTO ROLES_RECURSOS_PRIVILEGIOS VALUES(537,2,7,1)
  		   INTO ROLES_RECURSOS_PRIVILEGIOS VALUES(538,3,7,1)
  		   INTO ROLES_RECURSOS_PRIVILEGIOS VALUES(539,4,7,1)
  		   
  		   INTO ROLES_RECURSOS_PRIVILEGIOS VALUES(540,1,7,2)
  		   INTO ROLES_RECURSOS_PRIVILEGIOS VALUES(541,2,7,2)
  		   INTO ROLES_RECURSOS_PRIVILEGIOS VALUES(542,3,7,2)
  		   INTO ROLES_RECURSOS_PRIVILEGIOS VALUES(543,4,7,2)
  		   
  		   INTO ROLES_RECURSOS_PRIVILEGIOS VALUES(544,1,7,3)
  		   INTO ROLES_RECURSOS_PRIVILEGIOS VALUES(545,2,7,3)
  		   INTO ROLES_RECURSOS_PRIVILEGIOS VALUES(546,3,7,3)
  		   INTO ROLES_RECURSOS_PRIVILEGIOS VALUES(547,4,7,3)

  		   -- ROL JEFE UNIDAD, RECURSO UNIDADORGANIZACIONAL_JEFE
  		   INTO ROLES_RECURSOS_PRIVILEGIOS VALUES(548,500,508,505)
  		   INTO ROLES_RECURSOS_PRIVILEGIOS VALUES(549,501,508,505)
  		   INTO ROLES_RECURSOS_PRIVILEGIOS VALUES(550,502,508,505)
  		   INTO ROLES_RECURSOS_PRIVILEGIOS VALUES(551,503,508,505)
  		   INTO ROLES_RECURSOS_PRIVILEGIOS VALUES(552,504,508,505)

  		   -- ROL PRESUPUESTO, SOLO SE TIENE EL PRIVILEGIO EDIT
  		   INTO ROLES_RECURSOS_PRIVILEGIOS VALUES(553,500,509,503)
  		   INTO ROLES_RECURSOS_PRIVILEGIOS VALUES(554,501,509,503)

  		   -- AGREGANDO PRIVILEGIOS AL ROL ADMIN PARA UNIDAD ORGANIZACIONAL
  		   INTO ROLES_RECURSOS_PRIVILEGIOS VALUES(555,500,507,500)
  		   INTO ROLES_RECURSOS_PRIVILEGIOS VALUES(556,501,507,500)
  		   INTO ROLES_RECURSOS_PRIVILEGIOS VALUES(557,502,507,500)
  		   INTO ROLES_RECURSOS_PRIVILEGIOS VALUES(558,503,507,500)
  		   INTO ROLES_RECURSOS_PRIVILEGIOS VALUES(559,504,507,500)

         -- AGREGANDO PRIVILEGIOS AL ROL ADMIN PARA RANGO COMISION
  		   INTO ROLES_RECURSOS_PRIVILEGIOS VALUES(560,500,510,500)
  		   INTO ROLES_RECURSOS_PRIVILEGIOS VALUES(561,501,510,500)
  		   INTO ROLES_RECURSOS_PRIVILEGIOS VALUES(562,502,510,500)
  		   INTO ROLES_RECURSOS_PRIVILEGIOS VALUES(563,503,510,500)

  		   --AGREGANDO PRIVILEGIOS AL ROL ADMIN PARA DEPARTAMENTO
  		   INTO ROLES_RECURSOS_PRIVILEGIOS VALUES(564,500,511,500)
  		   INTO ROLES_RECURSOS_PRIVILEGIOS VALUES(565,501,511,500)
  		   INTO ROLES_RECURSOS_PRIVILEGIOS VALUES(566,502,511,500)
  		   INTO ROLES_RECURSOS_PRIVILEGIOS VALUES(567,503,511,500)
SELECT * FROM DUAL;;

/* USUARIOS */
INSERT INTO USUARIOS (ID_USUARIO,ACCOUNT_EXPERIRED,ACCOUNT_LOCKED,ENABLED,INTENTOS,PASSWORD,PASSWORD_EXPIRED,USERNAME) VALUES (500,0,0,1,0,'$2a$10$.wYsFS0/zPkY3.LnN8F/reqimatDtOS71.5Uzh/RzlF718/aFO7oS',0,'jefe01');;
INSERT INTO USUARIOS (ID_USUARIO,ACCOUNT_EXPERIRED,ACCOUNT_LOCKED,ENABLED,INTENTOS,PASSWORD,PASSWORD_EXPIRED,USERNAME) VALUES (501,0,0,1,0,'$2a$10$.wYsFS0/zPkY3.LnN8F/reqimatDtOS71.5Uzh/RzlF718/aFO7oS',0,'admin');;
INSERT INTO USUARIOS (ID_USUARIO,ACCOUNT_EXPERIRED,ACCOUNT_LOCKED,ENABLED,INTENTOS,PASSWORD,PASSWORD_EXPIRED,USERNAME) VALUES (502,0,0,1,0,'$2a$10$.wYsFS0/zPkY3.LnN8F/reqimatDtOS71.5Uzh/RzlF718/aFO7oS',0,'jefe_planilla');;
INSERT INTO USUARIOS (ID_USUARIO,ACCOUNT_EXPERIRED,ACCOUNT_LOCKED,ENABLED,INTENTOS,PASSWORD,PASSWORD_EXPIRED,USERNAME) VALUES (503,0,0,1,0,'$2a$10$.wYsFS0/zPkY3.LnN8F/reqimatDtOS71.5Uzh/RzlF718/aFO7oS',0,'auxiliar_planilla');;
INSERT INTO USUARIOS (ID_USUARIO,ACCOUNT_EXPERIRED,ACCOUNT_LOCKED,ENABLED,INTENTOS,PASSWORD,PASSWORD_EXPIRED,USERNAME) VALUES (504,0,0,1,0,'$2a$10$.wYsFS0/zPkY3.LnN8F/reqimatDtOS71.5Uzh/RzlF718/aFO7oS',0,'presupuestario');;
INSERT INTO USUARIOS (ID_USUARIO,ACCOUNT_EXPERIRED,ACCOUNT_LOCKED,ENABLED,INTENTOS,PASSWORD,PASSWORD_EXPIRED,USERNAME) VALUES (505,0,0,1,0,'$2a$10$.wYsFS0/zPkY3.LnN8F/reqimatDtOS71.5Uzh/RzlF718/aFO7oS',0,'jefe02');;
INSERT INTO USUARIOS (ID_USUARIO,ACCOUNT_EXPERIRED,ACCOUNT_LOCKED,ENABLED,INTENTOS,PASSWORD,PASSWORD_EXPIRED,USERNAME) VALUES (506,0,0,1,0,'$2a$10$.wYsFS0/zPkY3.LnN8F/reqimatDtOS71.5Uzh/RzlF718/aFO7oS',0,'jefe03');;
INSERT INTO USUARIOS (ID_USUARIO,ACCOUNT_EXPERIRED,ACCOUNT_LOCKED,ENABLED,INTENTOS,PASSWORD,PASSWORD_EXPIRED,USERNAME) VALUES (507,0,0,1,0,'$2a$10$.wYsFS0/zPkY3.LnN8F/reqimatDtOS71.5Uzh/RzlF718/aFO7oS',0,'jefe04');;
INSERT INTO USUARIOS (ID_USUARIO,ACCOUNT_EXPERIRED,ACCOUNT_LOCKED,ENABLED,INTENTOS,PASSWORD,PASSWORD_EXPIRED,USERNAME) VALUES (508,0,0,1,0,'$2a$10$.wYsFS0/zPkY3.LnN8F/reqimatDtOS71.5Uzh/RzlF718/aFO7oS',0,'jefe05');;
INSERT INTO USUARIOS (ID_USUARIO,ACCOUNT_EXPERIRED,ACCOUNT_LOCKED,ENABLED,INTENTOS,PASSWORD,PASSWORD_EXPIRED,USERNAME) VALUES (509,0,0,1,0,'$2a$10$.wYsFS0/zPkY3.LnN8F/reqimatDtOS71.5Uzh/RzlF718/aFO7oS',0,'jefe06');;
INSERT INTO USUARIOS (ID_USUARIO,ACCOUNT_EXPERIRED,ACCOUNT_LOCKED,ENABLED,INTENTOS,PASSWORD,PASSWORD_EXPIRED,USERNAME) VALUES (510,0,0,1,0,'$2a$10$.wYsFS0/zPkY3.LnN8F/reqimatDtOS71.5Uzh/RzlF718/aFO7oS',0,'jefe07');;
INSERT INTO USUARIOS (ID_USUARIO,ACCOUNT_EXPERIRED,ACCOUNT_LOCKED,ENABLED,INTENTOS,PASSWORD,PASSWORD_EXPIRED,USERNAME) VALUES (511,0,0,1,0,'$2a$10$.wYsFS0/zPkY3.LnN8F/reqimatDtOS71.5Uzh/RzlF718/aFO7oS',0,'jefe08');;
INSERT INTO USUARIOS (ID_USUARIO,ACCOUNT_EXPERIRED,ACCOUNT_LOCKED,ENABLED,INTENTOS,PASSWORD,PASSWORD_EXPIRED,USERNAME) VALUES (512,0,0,1,0,'$2a$10$.wYsFS0/zPkY3.LnN8F/reqimatDtOS71.5Uzh/RzlF718/aFO7oS',0,'jefe09');;
INSERT INTO USUARIOS (ID_USUARIO,ACCOUNT_EXPERIRED,ACCOUNT_LOCKED,ENABLED,INTENTOS,PASSWORD,PASSWORD_EXPIRED,USERNAME) VALUES (513,0,0,1,0,'$2a$10$.wYsFS0/zPkY3.LnN8F/reqimatDtOS71.5Uzh/RzlF718/aFO7oS',0,'jefe10');;
INSERT INTO USUARIOS (ID_USUARIO,ACCOUNT_EXPERIRED,ACCOUNT_LOCKED,ENABLED,INTENTOS,PASSWORD,PASSWORD_EXPIRED,USERNAME) VALUES (514,0,0,1,0,'$2a$10$.wYsFS0/zPkY3.LnN8F/reqimatDtOS71.5Uzh/RzlF718/aFO7oS',0,'jefe11');;
INSERT INTO USUARIOS (ID_USUARIO,ACCOUNT_EXPERIRED,ACCOUNT_LOCKED,ENABLED,INTENTOS,PASSWORD,PASSWORD_EXPIRED,USERNAME) VALUES (515,0,0,1,0,'$2a$10$.wYsFS0/zPkY3.LnN8F/reqimatDtOS71.5Uzh/RzlF718/aFO7oS',0,'jefe12');;

/* USUARIOS ROLES*/ 
INSERT INTO USUARIOS_ROLES (ID_USUARIO, ID_ROL) VALUES(500,504);; -- Jefe01
INSERT INTO USUARIOS_ROLES (ID_USUARIO, ID_ROL) VALUES(501,500);; -- Admin
INSERT INTO USUARIOS_ROLES (ID_USUARIO, ID_ROL) VALUES(502,501);; -- Jefe planilla
INSERT INTO USUARIOS_ROLES (ID_USUARIO, ID_ROL) VALUES(503,502);; -- Auxiliar
INSERT INTO USUARIOS_ROLES (ID_USUARIO, ID_ROL) VALUES(504,503);; -- Presupuestario
INSERT INTO USUARIOS_ROLES (ID_USUARIO, ID_ROL) VALUES(505,504);; -- Jefe02 
INSERT INTO USUARIOS_ROLES (ID_USUARIO, ID_ROL) VALUES(506,504);;
INSERT INTO USUARIOS_ROLES (ID_USUARIO, ID_ROL) VALUES(507,504);;
INSERT INTO USUARIOS_ROLES (ID_USUARIO, ID_ROL) VALUES(508,504);;
INSERT INTO USUARIOS_ROLES (ID_USUARIO, ID_ROL) VALUES(509,504);; -- ...
INSERT INTO USUARIOS_ROLES (ID_USUARIO, ID_ROL) VALUES(510,504);;
INSERT INTO USUARIOS_ROLES (ID_USUARIO, ID_ROL) VALUES(511,504);;
INSERT INTO USUARIOS_ROLES (ID_USUARIO, ID_ROL) VALUES(512,504);;
INSERT INTO USUARIOS_ROLES (ID_USUARIO, ID_ROL) VALUES(513,504);;
INSERT INTO USUARIOS_ROLES (ID_USUARIO, ID_ROL) VALUES(514,504);;
INSERT INTO USUARIOS_ROLES (ID_USUARIO, ID_ROL) VALUES(515,504);; -- Jefe12

-- Generos Fin R.E
INSERT INTO GENEROS (ID_GENERO, GENERO) VALUES(500, 'Hombre');;
INSERT INTO GENEROS (ID_GENERO, GENERO) VALUES(501, 'Mujer');;
INSERT INTO GENEROS (ID_GENERO, GENERO) VALUES(502, 'Lesbiana');;
INSERT INTO GENEROS (ID_GENERO, GENERO) VALUES(503, 'Gay');;
INSERT INTO GENEROS (ID_GENERO, GENERO) VALUES(504, 'Bisexual');;
INSERT INTO GENEROS (ID_GENERO, GENERO) VALUES(505, 'Transexual');;
INSERT INTO GENEROS (ID_GENERO, GENERO) VALUES(506, 'Intersexual');;
INSERT INTO GENEROS (ID_GENERO, GENERO) VALUES(507, 'Queer');;
INSERT INTO GENEROS (ID_GENERO, GENERO) VALUES(508, 'Pansexual');;
INSERT INTO GENEROS (ID_GENERO, GENERO) VALUES(509, 'Asexual');;

---Departamentos

INSERT INTO departamentos(id_departamento, departamento) VALUES (500, 'Usulután');;
INSERT INTO departamentos(id_departamento, departamento) VALUES (501, 'Santa Ana');;
INSERT INTO departamentos(id_departamento, departamento) VALUES (502, 'Cabañas');;
INSERT INTO departamentos(id_departamento, departamento) VALUES (503, 'Ahuachapán');;
INSERT INTO departamentos(id_departamento, departamento) VALUES (504, 'Chalatenango');;
INSERT INTO departamentos(id_departamento, departamento) VALUES (505, 'Cuscatlán');;
INSERT INTO departamentos(id_departamento, departamento) VALUES (506, 'La Paz');;
INSERT INTO departamentos(id_departamento, departamento) VALUES (507, 'La Libertad');;
INSERT INTO departamentos(id_departamento, departamento) VALUES (508, 'Sonsonate');;
INSERT INTO departamentos(id_departamento, departamento) VALUES (509, 'San Salvador');;
INSERT INTO departamentos(id_departamento, departamento) VALUES (510, 'San Vicente');;
INSERT INTO departamentos(id_departamento, departamento) VALUES (511, 'San Miguel');;
INSERT INTO departamentos(id_departamento, departamento) VALUES (512, 'Morazán');;
INSERT INTO departamentos(id_departamento, departamento) VALUES (513, 'La Unión');;

--Municipios de Usulutan (23) 

INSERT INTO municipios(id_municipio, municipio, id_departamento) VALUES (500, 'Alegría', 500);;
INSERT INTO municipios(id_municipio, municipio, id_departamento) VALUES (501, 'Berlín', 500);;
INSERT INTO municipios(id_municipio, municipio, id_departamento) VALUES (502, 'California', 500);;
INSERT INTO municipios(id_municipio, municipio, id_departamento) VALUES (503, 'Concepción Batres', 500);;
INSERT INTO municipios(id_municipio, municipio, id_departamento) VALUES (504, 'El Triunfo', 500);;
INSERT INTO municipios(id_municipio, municipio, id_departamento) VALUES (505, 'Ereguayquín', 500);;
INSERT INTO municipios(id_municipio, municipio, id_departamento) VALUES (506, 'Estanzuelas', 500);;
INSERT INTO municipios(id_municipio, municipio, id_departamento) VALUES (507, 'Jiquilisco', 500);;
INSERT INTO municipios(id_municipio, municipio, id_departamento) VALUES (508, 'Jucuapa', 500);;
INSERT INTO municipios(id_municipio, municipio, id_departamento) VALUES (509, 'Jucuarán', 500);;

INSERT INTO municipios(id_municipio, municipio, id_departamento) VALUES (510, 'Mercedes Umaña', 500);;
INSERT INTO municipios(id_municipio, municipio, id_departamento) VALUES (511, 'Nueva Granada', 500);;
INSERT INTO municipios(id_municipio, municipio, id_departamento) VALUES (512, 'Ozatlán', 500);;
INSERT INTO municipios(id_municipio, municipio, id_departamento) VALUES (513, 'Puerto El Triunfo', 500);;
INSERT INTO municipios(id_municipio, municipio, id_departamento) VALUES (514, 'San Agustín', 500);;
INSERT INTO municipios(id_municipio, municipio, id_departamento) VALUES (515, 'San Buenaventura', 500);;
INSERT INTO municipios(id_municipio, municipio, id_departamento) VALUES (516, 'San Dionisio', 500);;
INSERT INTO municipios(id_municipio, municipio, id_departamento) VALUES (517, 'San Francisco Javier', 500);;
INSERT INTO municipios(id_municipio, municipio, id_departamento) VALUES (518, 'Santa Elena', 500);;
INSERT INTO municipios(id_municipio, municipio, id_departamento) VALUES (519, 'Santa María', 500);;

INSERT INTO municipios(id_municipio, municipio, id_departamento) VALUES (520, 'Santiago de María', 500);;
INSERT INTO municipios(id_municipio, municipio, id_departamento) VALUES (521, 'Tecapán', 500);;
INSERT INTO municipios(id_municipio, municipio, id_departamento) VALUES (522, 'Usulután', 500);; 

--Municipios de Santa Ana (13) 

INSERT INTO municipios(id_municipio, municipio, id_departamento) VALUES (523, 'Santa Ana', 501);; 
INSERT INTO municipios(id_municipio, municipio, id_departamento) VALUES (524, 'Candelaria de la Frontera', 501);; 
INSERT INTO municipios(id_municipio, municipio, id_departamento) VALUES (525, 'Chalchuapa', 501);; 
INSERT INTO municipios(id_municipio, municipio, id_departamento) VALUES (526, 'Coatepeque', 501);; 
INSERT INTO municipios(id_municipio, municipio, id_departamento) VALUES (527, 'El Congo', 501);; 
INSERT INTO municipios(id_municipio, municipio, id_departamento) VALUES (528, 'El Porvenir', 501);; 
INSERT INTO municipios(id_municipio, municipio, id_departamento) VALUES (529, 'Masahuat', 501);; 
INSERT INTO municipios(id_municipio, municipio, id_departamento) VALUES (530, 'Metapán', 501);; 
INSERT INTO municipios(id_municipio, municipio, id_departamento) VALUES (531, 'San Antonio Pajonal', 501);; 
INSERT INTO municipios(id_municipio, municipio, id_departamento) VALUES (532, 'San Sebastián Salitrillo', 501);; 

INSERT INTO municipios(id_municipio, municipio, id_departamento) VALUES (533, 'Santa Rosa Guachipilín', 501);; 
INSERT INTO municipios(id_municipio, municipio, id_departamento) VALUES (534, 'Santiago de la Frontera', 501);; 
INSERT INTO municipios(id_municipio, municipio, id_departamento) VALUES (535, 'Texistepeque', 501);; 

--Municipios de Cabañas (9) 

INSERT INTO municipios(id_municipio, municipio, id_departamento) VALUES (536, 'Sensuntepeque', 502);;
INSERT INTO municipios(id_municipio, municipio, id_departamento) VALUES (537, 'Cinquera', 502);;
INSERT INTO municipios(id_municipio, municipio, id_departamento) VALUES (538, 'Dolores', 502);;
INSERT INTO municipios(id_municipio, municipio, id_departamento) VALUES (539, 'Guacotecti', 502);;
INSERT INTO municipios(id_municipio, municipio, id_departamento) VALUES (540, 'Ilobasco ', 502);;
INSERT INTO municipios(id_municipio, municipio, id_departamento) VALUES (541, 'Jutiapa', 502);;
INSERT INTO municipios(id_municipio, municipio, id_departamento) VALUES (542, 'San Isidro', 502);;
INSERT INTO municipios(id_municipio, municipio, id_departamento) VALUES (543, 'Tejutepeque', 502);;
INSERT INTO municipios(id_municipio, municipio, id_departamento) VALUES (544, 'Victoria', 502);; 

--Municipios de Ahuachapan (12) 

INSERT INTO municipios(id_municipio, municipio, id_departamento) VALUES (545, 'Ahuachapán', 503);;
INSERT INTO municipios(id_municipio, municipio, id_departamento) VALUES (546, 'Apaneca', 503);;
INSERT INTO municipios(id_municipio, municipio, id_departamento) VALUES (547, 'Atiquizaya', 503);;
INSERT INTO municipios(id_municipio, municipio, id_departamento) VALUES (548, 'Concepción de Ataco', 503);;
INSERT INTO municipios(id_municipio, municipio, id_departamento) VALUES (549, 'El Refugio', 503);;
INSERT INTO municipios(id_municipio, municipio, id_departamento) VALUES (550, 'Guaymango', 503);;
INSERT INTO municipios(id_municipio, municipio, id_departamento) VALUES (551, 'Jujutla', 503);;
INSERT INTO municipios(id_municipio, municipio, id_departamento) VALUES (552, 'San Francisco Menéndez', 503);;
INSERT INTO municipios(id_municipio, municipio, id_departamento) VALUES (553, 'San Lorenzo', 503);;
INSERT INTO municipios(id_municipio, municipio, id_departamento) VALUES (554, 'San Pedro Puxtla', 503);;

INSERT INTO municipios(id_municipio, municipio, id_departamento) VALUES (555, 'Tacuba', 503);;
INSERT INTO municipios(id_municipio, municipio, id_departamento) VALUES (556, 'Turín', 503);; 

--Municipios de Chalatenango (33) 

INSERT INTO municipios(id_municipio, municipio, id_departamento) VALUES (557, 'Chalatenango', 504);;
INSERT INTO municipios(id_municipio, municipio, id_departamento) VALUES (558, 'Agua Caliente', 504);;
INSERT INTO municipios(id_municipio, municipio, id_departamento) VALUES (559, 'Arcatao', 504);;
INSERT INTO municipios(id_municipio, municipio, id_departamento) VALUES (560, 'Azacualpa', 504);;
INSERT INTO municipios(id_municipio, municipio, id_departamento) VALUES (561, 'Cancasque', 504);;
INSERT INTO municipios(id_municipio, municipio, id_departamento) VALUES (562, 'Citalá', 504);;
INSERT INTO municipios(id_municipio, municipio, id_departamento) VALUES (563, 'Comalapa', 504);;
INSERT INTO municipios(id_municipio, municipio, id_departamento) VALUES (564, 'Concepción Quezaltepeque', 504);;
INSERT INTO municipios(id_municipio, municipio, id_departamento) VALUES (565, 'Dulce Nombre de María', 504);;
INSERT INTO municipios(id_municipio, municipio, id_departamento) VALUES (566, 'El Carrizal', 504);;

INSERT INTO municipios(id_municipio, municipio, id_departamento) VALUES (567, 'El Paraíso', 504);;
INSERT INTO municipios(id_municipio, municipio, id_departamento) VALUES (568, 'La Laguna', 504);;
INSERT INTO municipios(id_municipio, municipio, id_departamento) VALUES (569, 'La Palma', 504);;
INSERT INTO municipios(id_municipio, municipio, id_departamento) VALUES (570, 'La Reina', 504);;
INSERT INTO municipios(id_municipio, municipio, id_departamento) VALUES (571, 'Las Flores', 504);;
INSERT INTO municipios(id_municipio, municipio, id_departamento) VALUES (572, 'Las Vueltas', 504);;
INSERT INTO municipios(id_municipio, municipio, id_departamento) VALUES (573, 'Nombre de Jesús', 504);;
INSERT INTO municipios(id_municipio, municipio, id_departamento) VALUES (574, 'Nueva Concepción', 504);;
INSERT INTO municipios(id_municipio, municipio, id_departamento) VALUES (575, 'Nueva Trinidad', 504);;
INSERT INTO municipios(id_municipio, municipio, id_departamento) VALUES (576, 'Ojos de Agua', 504);;

INSERT INTO municipios(id_municipio, municipio, id_departamento) VALUES (577, 'Potonico', 504);;
INSERT INTO municipios(id_municipio, municipio, id_departamento) VALUES (578, 'San Antonio de la Cruz', 504);;
INSERT INTO municipios(id_municipio, municipio, id_departamento) VALUES (579, 'San Antonio Los Ranchos', 504);;
INSERT INTO municipios(id_municipio, municipio, id_departamento) VALUES (580, 'San Fernando', 504);;
INSERT INTO municipios(id_municipio, municipio, id_departamento) VALUES (581, 'San Francisco Lempa', 504);;
INSERT INTO municipios(id_municipio, municipio, id_departamento) VALUES (582, 'San Francisco Morazán', 504);;
INSERT INTO municipios(id_municipio, municipio, id_departamento) VALUES (583, 'San Ignacio', 504);;
INSERT INTO municipios(id_municipio, municipio, id_departamento) VALUES (584, 'San Isidro Labrador', 504);;
INSERT INTO municipios(id_municipio, municipio, id_departamento) VALUES (585, 'San Luis del Carmen', 504);;
INSERT INTO municipios(id_municipio, municipio, id_departamento) VALUES (586, 'San Miguel de Mercedes', 504);;

INSERT INTO municipios(id_municipio, municipio, id_departamento) VALUES (587, 'San Rafael', 504);;
INSERT INTO municipios(id_municipio, municipio, id_departamento) VALUES (588, 'Santa Rita', 504);;
INSERT INTO municipios(id_municipio, municipio, id_departamento) VALUES (589, 'Tejutla', 504);; 

--Municipios de Cuscatlán (16) 

INSERT INTO municipios(id_municipio, municipio, id_departamento) VALUES (590, 'Cojutepeque', 505);;
INSERT INTO municipios(id_municipio, municipio, id_departamento) VALUES (591, 'Candelaria', 505);;
INSERT INTO municipios(id_municipio, municipio, id_departamento) VALUES (592, 'El Carmen', 505);;
INSERT INTO municipios(id_municipio, municipio, id_departamento) VALUES (593, 'El Rosario', 505);;
INSERT INTO municipios(id_municipio, municipio, id_departamento) VALUES (594, 'Monte San Juan', 505);;
INSERT INTO municipios(id_municipio, municipio, id_departamento) VALUES (595, 'Oratorio de Concepción', 505);;
INSERT INTO municipios(id_municipio, municipio, id_departamento) VALUES (596, 'San Bartolomé Perulapía', 505);;
INSERT INTO municipios(id_municipio, municipio, id_departamento) VALUES (597, 'San Cristóbal', 505);;
INSERT INTO municipios(id_municipio, municipio, id_departamento) VALUES (598, 'San José Guayabal', 505);;
INSERT INTO municipios(id_municipio, municipio, id_departamento) VALUES (599, 'San Pedro Perulapán', 505);;

INSERT INTO municipios(id_municipio, municipio, id_departamento) VALUES (600, 'San Rafael Cedros', 505);;
INSERT INTO municipios(id_municipio, municipio, id_departamento) VALUES (601, 'San Ramón', 505);;
INSERT INTO municipios(id_municipio, municipio, id_departamento) VALUES (602, 'Santa Cruz Analquito', 505);;
INSERT INTO municipios(id_municipio, municipio, id_departamento) VALUES (603, 'Santa Cruz Michapa', 505);;
INSERT INTO municipios(id_municipio, municipio, id_departamento) VALUES (604, 'Suchitoto', 505);;
INSERT INTO municipios(id_municipio, municipio, id_departamento) VALUES (605, 'Tenancingo', 505);; 

--Municipios de La Paz (22) 

INSERT INTO municipios(id_municipio, municipio, id_departamento) VALUES (606, 'Zacatecoluca', 506);;
INSERT INTO municipios(id_municipio, municipio, id_departamento) VALUES (607, 'Cuyultitán', 506);;
INSERT INTO municipios(id_municipio, municipio, id_departamento) VALUES (608, 'El Rosario', 506);;
INSERT INTO municipios(id_municipio, municipio, id_departamento) VALUES (609, 'Jerusalén', 506);;
INSERT INTO municipios(id_municipio, municipio, id_departamento) VALUES (610, 'Mercedes La Ceiba', 506);;
INSERT INTO municipios(id_municipio, municipio, id_departamento) VALUES (611, 'Olocuilta', 506);;
INSERT INTO municipios(id_municipio, municipio, id_departamento) VALUES (612, 'Paraíso de Osorio', 506);;
INSERT INTO municipios(id_municipio, municipio, id_departamento) VALUES (613, 'San Antonio Masahuat', 506);;
INSERT INTO municipios(id_municipio, municipio, id_departamento) VALUES (614, 'San Emigdio', 506);;
INSERT INTO municipios(id_municipio, municipio, id_departamento) VALUES (615, 'San Francisco Chinameca', 506);;

INSERT INTO municipios(id_municipio, municipio, id_departamento) VALUES (616, 'San Pedro Masahuat', 506);;
INSERT INTO municipios(id_municipio, municipio, id_departamento) VALUES (617, 'San Juan Nonualco', 506);;
INSERT INTO municipios(id_municipio, municipio, id_departamento) VALUES (618, 'San Juan Talpa', 506);;
INSERT INTO municipios(id_municipio, municipio, id_departamento) VALUES (619, 'San Juan Tepezontes', 506);;
INSERT INTO municipios(id_municipio, municipio, id_departamento) VALUES (620, 'San Luis La Herradura', 506);;
INSERT INTO municipios(id_municipio, municipio, id_departamento) VALUES (621, 'San Luis Talpa', 506);;
INSERT INTO municipios(id_municipio, municipio, id_departamento) VALUES (622, 'San Miguel Tepezontes', 506);;
INSERT INTO municipios(id_municipio, municipio, id_departamento) VALUES (623, 'San Pedro Nonualco', 506);;
INSERT INTO municipios(id_municipio, municipio, id_departamento) VALUES (624, 'San Rafael Obrajuelo', 506);;
INSERT INTO municipios(id_municipio, municipio, id_departamento) VALUES (625, 'Santa María Ostuma', 506);;

INSERT INTO municipios(id_municipio, municipio, id_departamento) VALUES (626, 'Santiago Nonualco', 506);;
INSERT INTO municipios(id_municipio, municipio, id_departamento) VALUES (627, 'Tapalhuaca', 506);; 

--Municipios de La Libertad (22) 

INSERT INTO municipios(id_municipio, municipio, id_departamento) VALUES (628, 'Santa Tecla', 507);;
INSERT INTO municipios(id_municipio, municipio, id_departamento) VALUES (629, 'Antiguo Cuscatlán', 507);;
INSERT INTO municipios(id_municipio, municipio, id_departamento) VALUES (630, 'Chiltiupán', 507);;
INSERT INTO municipios(id_municipio, municipio, id_departamento) VALUES (631, 'Ciudad Arce', 507);;
INSERT INTO municipios(id_municipio, municipio, id_departamento) VALUES (632, 'Colón', 507);;
INSERT INTO municipios(id_municipio, municipio, id_departamento) VALUES (633, 'Comasagua', 507);;
INSERT INTO municipios(id_municipio, municipio, id_departamento) VALUES (634, 'Huizúcar', 507);;
INSERT INTO municipios(id_municipio, municipio, id_departamento) VALUES (635, 'Jayaque', 507);;
INSERT INTO municipios(id_municipio, municipio, id_departamento) VALUES (636, 'Jicalapa', 507);;
INSERT INTO municipios(id_municipio, municipio, id_departamento) VALUES (637, 'La Libertad', 507);;

INSERT INTO municipios(id_municipio, municipio, id_departamento) VALUES (638, 'Nuevo Cuscatlán', 507);;
INSERT INTO municipios(id_municipio, municipio, id_departamento) VALUES (639, 'Quezaltepeque', 507);;
INSERT INTO municipios(id_municipio, municipio, id_departamento) VALUES (640, 'San Juan Opico', 507);;
INSERT INTO municipios(id_municipio, municipio, id_departamento) VALUES (641, 'Sacacoyo', 507);;
INSERT INTO municipios(id_municipio, municipio, id_departamento) VALUES (642, 'San José Villanueva', 507);;
INSERT INTO municipios(id_municipio, municipio, id_departamento) VALUES (643, 'San Matías', 507);;
INSERT INTO municipios(id_municipio, municipio, id_departamento) VALUES (644, 'San Pablo Tacachico', 507);;
INSERT INTO municipios(id_municipio, municipio, id_departamento) VALUES (645, 'Talnique', 507);;
INSERT INTO municipios(id_municipio, municipio, id_departamento) VALUES (646, 'Tamanique', 507);;
INSERT INTO municipios(id_municipio, municipio, id_departamento) VALUES (647, 'Teotepeque', 507);;

INSERT INTO municipios(id_municipio, municipio, id_departamento) VALUES (648, 'Tepecoyo', 507);;
INSERT INTO municipios(id_municipio, municipio, id_departamento) VALUES (649, 'Zaragoza', 507);; 

--Municipios de Sonsonate (16) 

INSERT INTO municipios(id_municipio, municipio, id_departamento) VALUES (650, 'Sonsonate', 508);;
INSERT INTO municipios(id_municipio, municipio, id_departamento) VALUES (651, 'Acajutla', 508);;
INSERT INTO municipios(id_municipio, municipio, id_departamento) VALUES (652, 'Armenia', 508);;
INSERT INTO municipios(id_municipio, municipio, id_departamento) VALUES (653, 'Caluco', 508);;
INSERT INTO municipios(id_municipio, municipio, id_departamento) VALUES (654, 'Cuisnahuat', 508);;
INSERT INTO municipios(id_municipio, municipio, id_departamento) VALUES (655, 'Izalco', 508);;
INSERT INTO municipios(id_municipio, municipio, id_departamento) VALUES (656, 'Juayúa', 508);;
INSERT INTO municipios(id_municipio, municipio, id_departamento) VALUES (657, 'Nahuizalco', 508);;
INSERT INTO municipios(id_municipio, municipio, id_departamento) VALUES (658, 'Nahulingo', 508);;
INSERT INTO municipios(id_municipio, municipio, id_departamento) VALUES (659, 'Salcoatitán', 508);;

INSERT INTO municipios(id_municipio, municipio, id_departamento) VALUES (660, 'San Antonio del Monte', 508);;
INSERT INTO municipios(id_municipio, municipio, id_departamento) VALUES (661, 'San Julián', 508);;
INSERT INTO municipios(id_municipio, municipio, id_departamento) VALUES (662, 'Santa Catarina Masahuat', 508);;
INSERT INTO municipios(id_municipio, municipio, id_departamento) VALUES (663, 'Santa Isabel Ishuatán', 508);;
INSERT INTO municipios(id_municipio, municipio, id_departamento) VALUES (664, 'Santo Domingo de Guzmán', 508);;
INSERT INTO municipios(id_municipio, municipio, id_departamento) VALUES (665, 'Sonzacate', 508);; 

--Municipios de San Salvador (19) 

INSERT INTO municipios(id_municipio, municipio, id_departamento) VALUES (666, 'San Salvador ', 509);;
INSERT INTO municipios(id_municipio, municipio, id_departamento) VALUES (667, 'Aguilares', 509);;
INSERT INTO municipios(id_municipio, municipio, id_departamento) VALUES (668, 'Apopa', 509);;
INSERT INTO municipios(id_municipio, municipio, id_departamento) VALUES (669, 'Ayutuxtepeque', 509);;
INSERT INTO municipios(id_municipio, municipio, id_departamento) VALUES (670, 'Cuscatancingo', 509);;
INSERT INTO municipios(id_municipio, municipio, id_departamento) VALUES (671, 'Delgado', 509);;
INSERT INTO municipios(id_municipio, municipio, id_departamento) VALUES (672, 'El Paisnal', 509);;
INSERT INTO municipios(id_municipio, municipio, id_departamento) VALUES (673, 'Guazapa', 509);;
INSERT INTO municipios(id_municipio, municipio, id_departamento) VALUES (674, 'Ilopango', 509);;
INSERT INTO municipios(id_municipio, municipio, id_departamento) VALUES (675, 'Mejicanos', 509);;

INSERT INTO municipios(id_municipio, municipio, id_departamento) VALUES (676, 'Nejapa', 509);;
INSERT INTO municipios(id_municipio, municipio, id_departamento) VALUES (677, 'Panchimalco', 509);;
INSERT INTO municipios(id_municipio, municipio, id_departamento) VALUES (678, 'Rosario de Mora', 509);;
INSERT INTO municipios(id_municipio, municipio, id_departamento) VALUES (679, 'San Marcos', 509);;
INSERT INTO municipios(id_municipio, municipio, id_departamento) VALUES (680, 'San Martín', 509);;
INSERT INTO municipios(id_municipio, municipio, id_departamento) VALUES (681, 'Santiago Texacuangos', 509);;
INSERT INTO municipios(id_municipio, municipio, id_departamento) VALUES (682, 'Santo Tomás', 509);;
INSERT INTO municipios(id_municipio, municipio, id_departamento) VALUES (683, 'Soyapango', 509);;
INSERT INTO municipios(id_municipio, municipio, id_departamento) VALUES (684, 'Tonacatepeque', 509);; 

--Municipios de San Vicente (13)

INSERT INTO municipios(id_municipio, municipio, id_departamento) VALUES (685, 'San Vicente', 510);;
INSERT INTO municipios(id_municipio, municipio, id_departamento) VALUES (686, 'Apastepeque', 510);;
INSERT INTO municipios(id_municipio, municipio, id_departamento) VALUES (687, 'Guadalupe', 510);;
INSERT INTO municipios(id_municipio, municipio, id_departamento) VALUES (688, 'San Cayetano Istepeque', 510);;
INSERT INTO municipios(id_municipio, municipio, id_departamento) VALUES (689, 'San Esteban Catarina', 510);;
INSERT INTO municipios(id_municipio, municipio, id_departamento) VALUES (690, 'San Ildefonso', 510);;
INSERT INTO municipios(id_municipio, municipio, id_departamento) VALUES (691, 'San Lorenzo', 510);;
INSERT INTO municipios(id_municipio, municipio, id_departamento) VALUES (692, 'San Sebastián', 510);;
INSERT INTO municipios(id_municipio, municipio, id_departamento) VALUES (693, 'Santa Clara', 510);;
INSERT INTO municipios(id_municipio, municipio, id_departamento) VALUES (694, 'Santo Domingo', 510);;

INSERT INTO municipios(id_municipio, municipio, id_departamento) VALUES (695, 'Tecoluca', 510);;
INSERT INTO municipios(id_municipio, municipio, id_departamento) VALUES (696, 'Tepetitán', 510);;
INSERT INTO municipios(id_municipio, municipio, id_departamento) VALUES (697, 'Verapaz', 510);; 

--Municipios de San Miguel (20)

INSERT INTO municipios(id_municipio, municipio, id_departamento) VALUES (698, 'San Miguel ', 511);;
INSERT INTO municipios(id_municipio, municipio, id_departamento) VALUES (699, 'Carolina', 511);;
INSERT INTO municipios(id_municipio, municipio, id_departamento) VALUES (700, 'Chapeltique', 511);;
INSERT INTO municipios(id_municipio, municipio, id_departamento) VALUES (701, 'Chinameca', 511);;
INSERT INTO municipios(id_municipio, municipio, id_departamento) VALUES (702, 'Chirilagua', 511);;
INSERT INTO municipios(id_municipio, municipio, id_departamento) VALUES (703, 'Ciudad Barrios', 511);;
INSERT INTO municipios(id_municipio, municipio, id_departamento) VALUES (704, 'Comacarán', 511);;
INSERT INTO municipios(id_municipio, municipio, id_departamento) VALUES (705, 'El Tránsito', 511);;
INSERT INTO municipios(id_municipio, municipio, id_departamento) VALUES (706, 'Lolotique', 511);;
INSERT INTO municipios(id_municipio, municipio, id_departamento) VALUES (707, 'Moncagua', 511);;

INSERT INTO municipios(id_municipio, municipio, id_departamento) VALUES (708, 'Nueva Guadalupe', 511);;
INSERT INTO municipios(id_municipio, municipio, id_departamento) VALUES (709, 'Nuevo Edén de San Juan', 511);;
INSERT INTO municipios(id_municipio, municipio, id_departamento) VALUES (710, 'Quelepa', 511);;
INSERT INTO municipios(id_municipio, municipio, id_departamento) VALUES (711, 'San Antonio', 511);;
INSERT INTO municipios(id_municipio, municipio, id_departamento) VALUES (712, 'San Gerardo', 511);;
INSERT INTO municipios(id_municipio, municipio, id_departamento) VALUES (713, 'San Jorge', 511);;
INSERT INTO municipios(id_municipio, municipio, id_departamento) VALUES (714, 'San Luis de la Reina', 511);;
INSERT INTO municipios(id_municipio, municipio, id_departamento) VALUES (715, 'San Rafael Oriente', 511);;
INSERT INTO municipios(id_municipio, municipio, id_departamento) VALUES (716, 'Sesori', 511);;
INSERT INTO municipios(id_municipio, municipio, id_departamento) VALUES (717, 'Uluazapa', 511);; 

--Municipios de Morazan (26)

INSERT INTO municipios(id_municipio, municipio, id_departamento) VALUES (718, 'San Francisco Gotera', 512);;
INSERT INTO municipios(id_municipio, municipio, id_departamento) VALUES (719, 'Arambala', 512);;
INSERT INTO municipios(id_municipio, municipio, id_departamento) VALUES (720, 'Cacaopera', 512);;
INSERT INTO municipios(id_municipio, municipio, id_departamento) VALUES (721, 'Chilanga', 512);;
INSERT INTO municipios(id_municipio, municipio, id_departamento) VALUES (722, 'Corinto', 512);;
INSERT INTO municipios(id_municipio, municipio, id_departamento) VALUES (723, 'Delicias de Concepción', 512);;
INSERT INTO municipios(id_municipio, municipio, id_departamento) VALUES (724, 'El Divisadero', 512);;
INSERT INTO municipios(id_municipio, municipio, id_departamento) VALUES (725, 'El Rosario', 512);;
INSERT INTO municipios(id_municipio, municipio, id_departamento) VALUES (726, 'Gualococti', 512);;
INSERT INTO municipios(id_municipio, municipio, id_departamento) VALUES (727, 'Guatajiagua', 512);;

INSERT INTO municipios(id_municipio, municipio, id_departamento) VALUES (728, 'Joateca', 512);;
INSERT INTO municipios(id_municipio, municipio, id_departamento) VALUES (729, 'Jocoaitique', 512);;
INSERT INTO municipios(id_municipio, municipio, id_departamento) VALUES (730, 'Jocoro', 512);;
INSERT INTO municipios(id_municipio, municipio, id_departamento) VALUES (731, 'Lolotiquillo', 512);;
INSERT INTO municipios(id_municipio, municipio, id_departamento) VALUES (732, 'Meanguera', 512);;
INSERT INTO municipios(id_municipio, municipio, id_departamento) VALUES (733, 'Osicala', 512);;
INSERT INTO municipios(id_municipio, municipio, id_departamento) VALUES (734, 'Perquín', 512);;
INSERT INTO municipios(id_municipio, municipio, id_departamento) VALUES (735, 'San Carlos', 512);;
INSERT INTO municipios(id_municipio, municipio, id_departamento) VALUES (736, 'San Fernando', 512);;
INSERT INTO municipios(id_municipio, municipio, id_departamento) VALUES (737, 'San Isidro', 512);;

INSERT INTO municipios(id_municipio, municipio, id_departamento) VALUES (738, 'San Simón', 512);;
INSERT INTO municipios(id_municipio, municipio, id_departamento) VALUES (739, 'Sensembra', 512);;
INSERT INTO municipios(id_municipio, municipio, id_departamento) VALUES (740, 'Sociedad', 512);;
INSERT INTO municipios(id_municipio, municipio, id_departamento) VALUES (741, 'Torola', 512);;
INSERT INTO municipios(id_municipio, municipio, id_departamento) VALUES (742, 'Yamabal', 512);;
INSERT INTO municipios(id_municipio, municipio, id_departamento) VALUES (743, 'Yoloaiquín', 512);; 

--Municipios de La Unión (18)

INSERT INTO municipios(id_municipio, municipio, id_departamento) VALUES (744, 'La Unión', 513);;
INSERT INTO municipios(id_municipio, municipio, id_departamento) VALUES (745, 'Anamorós', 513);;
INSERT INTO municipios(id_municipio, municipio, id_departamento) VALUES (746, 'Bolívar', 513);;
INSERT INTO municipios(id_municipio, municipio, id_departamento) VALUES (747, 'Concepción de Oriente', 513);;
INSERT INTO municipios(id_municipio, municipio, id_departamento) VALUES (748, 'Conchagua', 513);;
INSERT INTO municipios(id_municipio, municipio, id_departamento) VALUES (749, 'El Carmen', 513);;
INSERT INTO municipios(id_municipio, municipio, id_departamento) VALUES (750, 'El Sauce', 513);;
INSERT INTO municipios(id_municipio, municipio, id_departamento) VALUES (751, 'Intipucá', 513);;
INSERT INTO municipios(id_municipio, municipio, id_departamento) VALUES (752, 'Lislique', 513);;
INSERT INTO municipios(id_municipio, municipio, id_departamento) VALUES (753, 'Meanguera del Golfo', 513);;

INSERT INTO municipios(id_municipio, municipio, id_departamento) VALUES (754, 'Nueva Esparta', 513);;
INSERT INTO municipios(id_municipio, municipio, id_departamento) VALUES (755, 'Pasaquina', 513);;
INSERT INTO municipios(id_municipio, municipio, id_departamento) VALUES (756, 'Polorós', 513);;
INSERT INTO municipios(id_municipio, municipio, id_departamento) VALUES (757, 'San Alejo', 513);;
INSERT INTO municipios(id_municipio, municipio, id_departamento) VALUES (758, 'San José', 513);;
INSERT INTO municipios(id_municipio, municipio, id_departamento) VALUES (759, 'Santa Rosa de Lima', 513);;
INSERT INTO municipios(id_municipio, municipio, id_departamento) VALUES (760, 'Yayantique', 513);;
INSERT INTO municipios(id_municipio, municipio, id_departamento) VALUES (761, 'Yucuaiquín', 513);; 

---------Direcciones--------

INSERT INTO direcciones(id_direccion, calle, complemento, numero_casa, urbanizacion, id_municipio) VALUES (500, 'Campos', 'Condominios San Francisco', '4', 'San Jacinto', 666);;
INSERT INTO direcciones(id_direccion, calle, complemento, numero_casa, urbanizacion, id_municipio) VALUES (501, 'Francisco Menéndez', 'Condominios Regis', '3', 'San Jacinto', 666);;
INSERT INTO direcciones(id_direccion, calle, complemento, numero_casa, urbanizacion, id_municipio) VALUES (502, 'Campos', 'Condominios Nobel', '1', 'San Jacinto', 666);;
INSERT INTO direcciones(id_direccion, calle, complemento, numero_casa, urbanizacion, id_municipio) VALUES (503, 'Luz', 'Pasaje 5', '35', 'Flor Blanca', 750);;
INSERT INTO direcciones(id_direccion, calle, complemento, numero_casa, urbanizacion, id_municipio) VALUES (504, null, 'Col. La Rabida', '7', 'San Salvador', 666);;
INSERT INTO direcciones(id_direccion, calle, complemento, numero_casa, urbanizacion, id_municipio) VALUES (505, 'Oriente', null, '14', 'Cojutepeque', 590);;
INSERT INTO direcciones(id_direccion, calle, complemento, numero_casa, urbanizacion, id_municipio) VALUES (506, null, null, '11', 'Asturias', 650);;
INSERT INTO direcciones(id_direccion, calle, complemento, numero_casa, urbanizacion, id_municipio) VALUES (507, '8va Calle Oriente', 'Barrio El Calvario', null, 'Concepcion de Atico', 548);;
INSERT INTO direcciones(id_direccion, calle, complemento, numero_casa, urbanizacion, id_municipio) VALUES (508, null, 'Colonia Jardines de Cuscatlán', '4-A', 'Antiguo Cuscatlán', 629);;
INSERT INTO direcciones(id_direccion, calle, complemento, numero_casa, urbanizacion, id_municipio) VALUES (509, null, null, '14-C', 'Madreselva II', 518);;

INSERT INTO direcciones(id_direccion, calle, complemento, numero_casa, urbanizacion, id_municipio) VALUES (510, null, 'Alameda Deininger', null, 'Antiguo Cuscatlán', 666);;
INSERT INTO direcciones(id_direccion, calle, complemento, numero_casa, urbanizacion, id_municipio) VALUES (511, 'Padres Aguilares', '626 Col. Escalon', null, 'Colonia Escalon', 666);;
INSERT INTO direcciones(id_direccion, calle, complemento, numero_casa, urbanizacion, id_municipio) VALUES (512, null, 'Final Boulevard Santa Elena', null, 'Santa Elena', 629);;
insert into direcciones(id_direccion, calle, complemento, numero_casa, urbanizacion, id_municipio) values (513, 'Abetos', 'Condominio Los Coquitos', '5-C', 'Santa Clara', 666);;
INSERT INTO direcciones(id_direccion, calle, complemento, numero_casa, urbanizacion, id_municipio) VALUES (514, 'Campos', 'Condominios San Francisco', '7', 'San Jacinto', 666);;
INSERT INTO direcciones(id_direccion, calle, complemento, numero_casa, urbanizacion, id_municipio) VALUES (515, 'Luz', 'Pasaje 7', '5', 'Flor Blanca', 750);;
INSERT INTO direcciones(id_direccion, calle, complemento, numero_casa, urbanizacion, id_municipio) VALUES (516, null, 'Colonia Jardines de Cuscatlán', '4-B', 'Antiguo Cuscatlán', 629);;
INSERT INTO direcciones(id_direccion, calle, complemento, numero_casa, urbanizacion, id_municipio) VALUES (517, 'Francisco Menéndez', 'Condominios Regis', '6', 'San Jacinto', 666);;
INSERT INTO direcciones(id_direccion, calle, complemento, numero_casa, urbanizacion, id_municipio) VALUES (518, null, null, '10-C', 'Madreselva II', 518);;
INSERT INTO direcciones(id_direccion, calle, complemento, numero_casa, urbanizacion, id_municipio) VALUES (519, null, 'Col. La Rabida', '17', 'San Salvador', 666);;

INSERT INTO direcciones(id_direccion, calle, complemento, numero_casa, urbanizacion, id_municipio) VALUES (520, 'Real', 'Residencia San Rafael', '12', 'Nuevo Cuscatlán', 628);;
INSERT INTO direcciones(id_direccion, calle, complemento, numero_casa, urbanizacion, id_municipio) VALUES (521, 'Prusia', null, null, 'Bosques de Prusia', 683);;
INSERT INTO direcciones(id_direccion, calle, complemento, numero_casa, urbanizacion, id_municipio) VALUES (522, 'Venecia', '3A Etapa', null, 'Prados de Venecia', 683);;
INSERT INTO direcciones(id_direccion, calle, complemento, numero_casa, urbanizacion, id_municipio) VALUES (523, 'Al Arenal', 'Condominios La Vega', '5', 'El Limon', 683);;
INSERT INTO direcciones(id_direccion, calle, complemento, numero_casa, urbanizacion, id_municipio) VALUES (524, 'El Coro', 'Colonia Amatepec', '110', 'Jardines del Boulevard', 683);;
INSERT INTO direcciones(id_direccion, calle, complemento, numero_casa, urbanizacion, id_municipio) VALUES (525, 'Mariona', 'Colonia San Antonio', '22', 'Ayutuxtepeque', 671);;
INSERT INTO direcciones(id_direccion, calle, complemento, numero_casa, urbanizacion, id_municipio) VALUES (526, 'Argentina', 'Condominio Residencial las Rosas', '2', 'El Transito', 671);;
INSERT INTO direcciones(id_direccion, calle, complemento, numero_casa, urbanizacion, id_municipio) VALUES (527, 'El Porvenir', 'Colonia  España', '6', 'Veracruz', 671);;
INSERT INTO direcciones(id_direccion, calle, complemento, numero_casa, urbanizacion, id_municipio) VALUES (528, 'Al Volcan', 'Condominio El Pedregal', '7-c', 'Cumbres de la Escalon', 675);;
INSERT INTO direcciones(id_direccion, calle, complemento, numero_casa, urbanizacion, id_municipio) VALUES (529, 'Del Mirador', 'Condominio Los Angeles', '9', 'Escalon 2000', 675);;

INSERT INTO direcciones(id_direccion, calle, complemento, numero_casa, urbanizacion, id_municipio) VALUES (530, 'Principal', 'Colonia San Fernando', '9-a', 'Ayutuxtepeque', 675);;
INSERT INTO direcciones(id_direccion, calle, complemento, numero_casa, urbanizacion, id_municipio) VALUES (531, 'Real', 'Residencia San Rafael', '15', 'Nuevo Cuscatlán', 628);;
INSERT INTO direcciones(id_direccion, calle, complemento, numero_casa, urbanizacion, id_municipio) VALUES (532, 'El Coro', 'Colonia Amatepec', '112', 'Jardines del Boulevard', 683);;
INSERT INTO direcciones(id_direccion, calle, complemento, numero_casa, urbanizacion, id_municipio) VALUES (533, 'El Porvenir', 'Colonia  España', '1', 'Veracruz', 671);;
INSERT INTO direcciones(id_direccion, calle, complemento, numero_casa, urbanizacion, id_municipio) VALUES (534, 'El Gauge', 'Comunidad San Antonio', null, 'Jardines del Matazano', 674);;
INSERT INTO direcciones(id_direccion, calle, complemento, numero_casa, urbanizacion, id_municipio) VALUES (535, 'Venecia', 'Colonia Morazan', '1-N', 'Sierra Morena 1', 674);;
INSERT INTO direcciones(id_direccion, calle, complemento, numero_casa, urbanizacion, id_municipio) VALUES (536, 'Veracruz', 'Colonia Guadalupe', '1-M', 'Industrial San Pablo', 674);;
INSERT INTO direcciones(id_direccion, calle, complemento, numero_casa, urbanizacion, id_municipio) VALUES (537, 'Veracruz', 'Colonia Guadalupe', '5-M', 'Industrial San Pablo', 674);;
INSERT INTO direcciones(id_direccion, calle, complemento, numero_casa, urbanizacion, id_municipio) VALUES (538, 'El Sauce', 'Colonia El Arenal', '18', 'La Selva', 674);;
INSERT INTO direcciones(id_direccion, calle, complemento, numero_casa, urbanizacion, id_municipio) VALUES (539, 'Principal', 'Colonia San Fernando', '10-B', 'Ayutuxtepeque', 675);;

INSERT INTO direcciones(id_direccion, calle, complemento, numero_casa, urbanizacion, id_municipio) VALUES (540, null, null, null, 'Villa Hermosa', 574);;
INSERT INTO direcciones(id_direccion, calle, complemento, numero_casa, urbanizacion, id_municipio) VALUES (541, '5a Calle Ote.', 'Colonia Buenos Aires', '7-D', 'Barrio El Rosario', 574);;
INSERT INTO direcciones(id_direccion, calle, complemento, numero_casa, urbanizacion, id_municipio) VALUES (542, '5a Calle Ote.', 'Colonia Buenos Aires', '8-D', 'Barrio El Rosario', 574);;
INSERT INTO direcciones(id_direccion, calle, complemento, numero_casa, urbanizacion, id_municipio) VALUES (543, '3a Calle Ote.', 'Colonia Los Primos', '91', 'Barrio El Rosario', 574);;
INSERT INTO direcciones(id_direccion, calle, complemento, numero_casa, urbanizacion, id_municipio) VALUES (544, 'Rafael Osorio', 'Colonia La Esperanza', '9-C', 'San Antonio', 606);;
INSERT INTO direcciones(id_direccion, calle, complemento, numero_casa, urbanizacion, id_municipio) VALUES (545, 'Rafael Osorio', 'Colonia La Esperanza', '19-C', 'San Antonio', 606);;
INSERT INTO direcciones(id_direccion, calle, complemento, numero_casa, urbanizacion, id_municipio) VALUES (546, 'Al Arenal', 'Condominios La Vega', '7', 'El Limon', 683);;
INSERT INTO direcciones(id_direccion, calle, complemento, numero_casa, urbanizacion, id_municipio) VALUES (547, 'Real', 'Residencia San Rafael', '5', 'Nuevo Cuscatlán', 628);;
INSERT INTO direcciones(id_direccion, calle, complemento, numero_casa, urbanizacion, id_municipio) VALUES (548, 'Venecia', 'Colonia Morazan', '8-N', 'Sierra Morena 1', 674);;
INSERT INTO direcciones(id_direccion, calle, complemento, numero_casa, urbanizacion, id_municipio) VALUES (549, 'El Gauge', 'Comunidad San Antonio', null, 'Jardines del Matazano', 674);;

INSERT INTO direcciones(id_direccion, calle, complemento, numero_casa, urbanizacion, id_municipio) VALUES (550, 'Linda Vista', null, null, 'Marabu', 679);;
INSERT INTO direcciones(id_direccion, calle, complemento, numero_casa, urbanizacion, id_municipio) VALUES (551, 'Principal', 'Condominio Santorini', '420', 'Tepeyac', 679);;
INSERT INTO direcciones(id_direccion, calle, complemento, numero_casa, urbanizacion, id_municipio) VALUES (552, 'Principal', 'Condominio Santorini', '421', 'Tepeyac', 679);;
INSERT INTO direcciones(id_direccion, calle, complemento, numero_casa, urbanizacion, id_municipio) VALUES (553, 'El Amate', 'Comunidad Guadalupe 2', '99', 'Santa Rosa', 628);;
INSERT INTO direcciones(id_direccion, calle, complemento, numero_casa, urbanizacion, id_municipio) VALUES (554, 'El Amate', 'Comunidad Guadalupe 2', '41', 'Santa Rosa', 628);;
INSERT INTO direcciones(id_direccion, calle, complemento, numero_casa, urbanizacion, id_municipio) VALUES (555, 'San Jose', 'Pinares de Santa Monica', '77', 'Las Luces', 628);;
INSERT INTO direcciones(id_direccion, calle, complemento, numero_casa, urbanizacion, id_municipio) VALUES (556, 'San Jose', 'Pinares de Santa Monica', '14', 'Las Luces', 628);;
INSERT INTO direcciones(id_direccion, calle, complemento, numero_casa, urbanizacion, id_municipio) VALUES (557, '5a Calle Ote.', 'Colonia Buenos Aires', '17-D', 'Barrio El Rosario', 574);;
INSERT INTO direcciones(id_direccion, calle, complemento, numero_casa, urbanizacion, id_municipio) VALUES (558, 'Del Mirador', 'Condominio Los Angeles', '19', 'Escalon 2000', 675);;
INSERT INTO direcciones(id_direccion, calle, complemento, numero_casa, urbanizacion, id_municipio) VALUES (559, 'Campos', 'Condominios San Francisco', '177', 'San Jacinto', 666);;

INSERT INTO direcciones(id_direccion, calle, complemento, numero_casa, urbanizacion, id_municipio) VALUES (560, 'Suiza', 'Colonia El Rosario', '68', 'Santa Marta', 683);;
INSERT INTO direcciones(id_direccion, calle, complemento, numero_casa, urbanizacion, id_municipio) VALUES (561, 'Suiza', 'Colonia El Rosario', '79', 'Santa Marta', 683);;
INSERT INTO direcciones(id_direccion, calle, complemento, numero_casa, urbanizacion, id_municipio) VALUES (562, 'Chaparrastique', 'Garcia', '1', 'Bella Vista', 698);;
INSERT INTO direcciones(id_direccion, calle, complemento, numero_casa, urbanizacion, id_municipio) VALUES (563, 'Chaparrastique', 'Garcia', '15', 'Bella Vista', 698);;
INSERT INTO direcciones(id_direccion, calle, complemento, numero_casa, urbanizacion, id_municipio) VALUES (564, '17a Calle Poniente', 'Residencial Los Almendros', '5-C', 'San Jose de la Montaña', 698);;
INSERT INTO direcciones(id_direccion, calle, complemento, numero_casa, urbanizacion, id_municipio) VALUES (565, '17a Calle Poniente', 'Residencial Los Almendros', '9-C', 'San Jose de la Montaña', 698);;
INSERT INTO direcciones(id_direccion, calle, complemento, numero_casa, urbanizacion, id_municipio) VALUES (566, '5a Calle Oriente', 'Residencial Pasadena', '5-A', 'Jardines de Bolonia', 698);;
INSERT INTO direcciones(id_direccion, calle, complemento, numero_casa, urbanizacion, id_municipio) VALUES (567, '5a Calle Oriente', 'Residencial Pasadena', '5-B', 'Jardines de Bolonia', 698);;
INSERT INTO direcciones(id_direccion, calle, complemento, numero_casa, urbanizacion, id_municipio) VALUES (568, 'al Rio', 'Lotificación Concepción', '19', 'Santa Emilia', 698);;
INSERT INTO direcciones(id_direccion, calle, complemento, numero_casa, urbanizacion, id_municipio) VALUES (569, 'al Rio', 'Lotificación Concepción', '20', 'Santa Emilia', 698);;

INSERT INTO direcciones(id_direccion, calle, complemento, numero_casa, urbanizacion, id_municipio) VALUES (570, 'El Coro', 'Colonia Amatepec', '114', 'Jardines del Boulevard', 683);;
INSERT INTO direcciones(id_direccion, calle, complemento, numero_casa, urbanizacion, id_municipio) VALUES (571, 'Linda Vista', null, null, 'Marabu', 679);;
INSERT INTO direcciones(id_direccion, calle, complemento, numero_casa, urbanizacion, id_municipio) VALUES (572, 'Prusia', null, null, 'Bosques de Prusia', 683);;
INSERT INTO direcciones(id_direccion, calle, complemento, numero_casa, urbanizacion, id_municipio) VALUES (573, null, null, null, 'Villa Hermosa', 574);;
INSERT INTO direcciones(id_direccion, calle, complemento, numero_casa, urbanizacion, id_municipio) VALUES (574, 'Al Volcan', 'Condominio El Pedregal', '7-D', 'Cumbres de la Escalon', 675);;
INSERT INTO direcciones(id_direccion, calle, complemento, numero_casa, urbanizacion, id_municipio) VALUES (575, null, 'Alameda Deininger', null, 'Antiguo Cuscatlán', 666);;
INSERT INTO direcciones(id_direccion, calle, complemento, numero_casa, urbanizacion, id_municipio) VALUES (576, 'El Porvenir', 'Colonia  España', '10', 'Veracruz', 671);;
INSERT INTO direcciones(id_direccion, calle, complemento, numero_casa, urbanizacion, id_municipio) VALUES (577, 'El Porvenir', 'Colonia  España', '100', 'Veracruz', 671);;
INSERT INTO direcciones(id_direccion, calle, complemento, numero_casa, urbanizacion, id_municipio) VALUES (578, null, 'Col. La Rabida', '27', 'San Salvador', 666);;
INSERT INTO direcciones(id_direccion, calle, complemento, numero_casa, urbanizacion, id_municipio) VALUES (579, null, null, '10-C', 'Madreselva II', 518);;

INSERT INTO direcciones(id_direccion, calle, complemento, numero_casa, urbanizacion, id_municipio) VALUES (580, null, null, '10-F', 'Madreselva I', 518);;
INSERT INTO direcciones(id_direccion, calle, complemento, numero_casa, urbanizacion, id_municipio) VALUES (581, 'Calle Panama', 'Colonia Unidas', '48', 'Prados de San Miguel', 698);;
INSERT INTO direcciones(id_direccion, calle, complemento, numero_casa, urbanizacion, id_municipio) VALUES (582, 'Calle Panama', 'Colonia Unidas', '28', 'Prados de San Miguel', 698);;
INSERT INTO direcciones(id_direccion, calle, complemento, numero_casa, urbanizacion, id_municipio) VALUES (583, 'La Aldea', 'Colonia España', '5-D', 'Altamira', 523);;
INSERT INTO direcciones(id_direccion, calle, complemento, numero_casa, urbanizacion, id_municipio) VALUES (584, 'La Aldea', 'Colonia España', '7-D', 'Altamira', 523);;
INSERT INTO direcciones(id_direccion, calle, complemento, numero_casa, urbanizacion, id_municipio) VALUES (585, 'Barcelona', 'Lot Minerva', '77', 'La Heroica', 523);;
INSERT INTO direcciones(id_direccion, calle, complemento, numero_casa, urbanizacion, id_municipio) VALUES (586, 'Barcelona', 'Lot Minerva', '177', 'La Heroica', 523);;
INSERT INTO direcciones(id_direccion, calle, complemento, numero_casa, urbanizacion, id_municipio) VALUES (587, 'Libertad Pte', 'Barrio San Juan', '44-A', 'Contixa 2', 523);;
INSERT INTO direcciones(id_direccion, calle, complemento, numero_casa, urbanizacion, id_municipio) VALUES (588, 'Libertad Pte', 'Barrio San Juan', '45-A', 'Contixa 2', 523);;
INSERT INTO direcciones(id_direccion, calle, complemento, numero_casa, urbanizacion, id_municipio) VALUES (589, 'Calle Panama', 'Colonia Unidas', '410', 'Prados de San Miguel', 698);;

INSERT INTO direcciones(id_direccion, calle, complemento, numero_casa, urbanizacion, id_municipio) VALUES (590, 'Calle Panama', 'Colonia Unidas', '412', 'Prados de San Miguel', 698);;
INSERT INTO direcciones(id_direccion, calle, complemento, numero_casa, urbanizacion, id_municipio) VALUES (591, 'Linda Vista', null, null, 'Marabu', 679);;
INSERT INTO direcciones(id_direccion, calle, complemento, numero_casa, urbanizacion, id_municipio) VALUES (592, 'El Amate', 'Comunidad Guadalupe 2', '299', 'Santa Rosa', 628);;
INSERT INTO direcciones(id_direccion, calle, complemento, numero_casa, urbanizacion, id_municipio) VALUES (593, '5a Calle Ote.', 'Colonia Buenos Aires', '17-E', 'Barrio El Rosario', 574);;
INSERT INTO direcciones(id_direccion, calle, complemento, numero_casa, urbanizacion, id_municipio) VALUES (594, null, null, null, 'Villa Hermosa', 574);;
INSERT INTO direcciones(id_direccion, calle, complemento, numero_casa, urbanizacion, id_municipio) VALUES (595, 'Real', 'Residencia San Rafael', '121', 'Nuevo Cuscatlán', 628);;
INSERT INTO direcciones(id_direccion, calle, complemento, numero_casa, urbanizacion, id_municipio) VALUES (596, null, 'Colonia Jardines de Cuscatlán', '41-B', 'Antiguo Cuscatlán', 629);;
INSERT INTO direcciones(id_direccion, calle, complemento, numero_casa, urbanizacion, id_municipio) VALUES (597, 'Padres Aguilares', '626 Col. Escalon', null, 'Colonia Escalon', 666);;
INSERT INTO direcciones(id_direccion, calle, complemento, numero_casa, urbanizacion, id_municipio) VALUES (598, 'Campos', 'Condominios San Francisco', '107', 'San Jacinto', 666);;
INSERT INTO direcciones(id_direccion, calle, complemento, numero_casa, urbanizacion, id_municipio) VALUES (599, 'El Gauge', 'Comunidad San Antonio', null, 'Jardines del Matazano', 674);;

INSERT INTO direcciones(id_direccion, calle, complemento, numero_casa, urbanizacion, id_municipio) VALUES (600, '14a Calle Oriente', 'Colonia Suncuan', '100', 'Santa Isabel', 545);;
INSERT INTO direcciones(id_direccion, calle, complemento, numero_casa, urbanizacion, id_municipio) VALUES (601, '14a Calle Oriente', 'Colonia Suncuan', '110', 'Santa Isabel', 545);;
INSERT INTO direcciones(id_direccion, calle, complemento, numero_casa, urbanizacion, id_municipio) VALUES (602, 'Los Mangos', 'Lot. Santa Teresa', '90', 'El Nopal', 545);;
INSERT INTO direcciones(id_direccion, calle, complemento, numero_casa, urbanizacion, id_municipio) VALUES (603, 'Los Mangos', 'Lot. Santa Teresa', '9-C', 'El Nopal', 545);;
INSERT INTO direcciones(id_direccion, calle, complemento, numero_casa, urbanizacion, id_municipio) VALUES (604, 'al Cantón Ashapuco', null, null, 'Lot. Maria Auxiliadora', 545);;
INSERT INTO direcciones(id_direccion, calle, complemento, numero_casa, urbanizacion, id_municipio) VALUES (605, '9a Calle Poniente', 'Colonia San Gerano', '15', 'Montevideo', 650);;
INSERT INTO direcciones(id_direccion, calle, complemento, numero_casa, urbanizacion, id_municipio) VALUES (606, '9a Calle Poniente', 'Colonia San Gerano', '14', 'Montevideo', 650);;
INSERT INTO direcciones(id_direccion, calle, complemento, numero_casa, urbanizacion, id_municipio) VALUES (607, 'Mega Plaza', 'Colonia San Rafael', '144', 'Sensunapan', 650);;
INSERT INTO direcciones(id_direccion, calle, complemento, numero_casa, urbanizacion, id_municipio) VALUES (608, 'Mega Plaza', 'Colonia San Rafael', '422', 'Sensunapan', 650);;
INSERT INTO direcciones(id_direccion, calle, complemento, numero_casa, urbanizacion, id_municipio) VALUES (609, 'El Porvenir', 'Colonia  España', '102', 'Veracruz', 671);;

INSERT INTO direcciones(id_direccion, calle, complemento, numero_casa, urbanizacion, id_municipio) VALUES (610, 'Argentina', 'Condominio Residencial las Rosas', '20', 'El Transito', 671);;
INSERT INTO direcciones(id_direccion, calle, complemento, numero_casa, urbanizacion, id_municipio) VALUES (611, '3a Calle Ote.', 'Colonia Los Primos', '94', 'Barrio El Rosario', 574);;
INSERT INTO direcciones(id_direccion, calle, complemento, numero_casa, urbanizacion, id_municipio) VALUES (612, 'Prusia', null, null, 'Bosques de Prusia', 683);;
INSERT INTO direcciones(id_direccion, calle, complemento, numero_casa, urbanizacion, id_municipio) VALUES (613, 'Mariona', 'Colonia San Antonio', '220', 'Ayutuxtepeque', 671);;
INSERT INTO direcciones(id_direccion, calle, complemento, numero_casa, urbanizacion, id_municipio) VALUES (614, '8va Calle Oriente', 'Barrio El Calvario', null, 'Concepcion de Atico', 548);;
INSERT INTO direcciones(id_direccion, calle, complemento, numero_casa, urbanizacion, id_municipio) VALUES (615, 'Principal', 'Colonia San Fernando', '10-F', 'Ayutuxtepeque', 675);;
INSERT INTO direcciones(id_direccion, calle, complemento, numero_casa, urbanizacion, id_municipio) VALUES (616, 'Los Mangos', 'Lot. Santa Teresa', '16', 'El Nopal', 545);;
INSERT INTO direcciones(id_direccion, calle, complemento, numero_casa, urbanizacion, id_municipio) VALUES (617, 'El Amate', 'Comunidad Guadalupe 2', '401', 'Santa Rosa', 628);;
INSERT INTO direcciones(id_direccion, calle, complemento, numero_casa, urbanizacion, id_municipio) VALUES (618, 'Palmeto', 'Residencia Via del Mar', '545', 'Villa Bosque', 638);;
INSERT INTO direcciones(id_direccion, calle, complemento, numero_casa, urbanizacion, id_municipio) VALUES (619, 'El Comercio', 'Col Zacamil', '619', 'Nueva Esperanza', 675);;

INSERT INTO direcciones(id_direccion, calle, complemento, numero_casa, urbanizacion, id_municipio) VALUES (620, 'Venecia', 'Colonia Morazan', '8-H', 'Sierra Morena 1', 674);;


insert into empresas (id_empresa,correo_empresa,empresa,nic_empresa,nit_empresa,page,pagina_empresa,telefono,id_direccion) values(1,'metabit@gmail.com','MetaBIT','000001','000002','@MetaBIT','www.metabit.com','2237-2828',78);;


--Estado Civil Final R.E
insert into estados_civiles values(500,'Soltero/a');;
insert into estados_civiles values(501,'Casado/a');;
insert into estados_civiles values(502,'Divorciado/a');;
insert into estados_civiles values(503,'Viudo/a');;
insert into estados_civiles values(504,'Union Libre');;

/*EMPLEADOS*/
INSERT INTO EMPLEADOS (ID_EMPLEADO,APELLIDO_CASADA,APELLIDO_MATERNO,APELLIDO_PATERNO,CODIGO,CORREO_INSTITUCIONAL,CORREO_PERSONAL,EMPLEADO_HABILITADO,FECHA_NACIMIENTO,HORAS_TRABAJO,NOMBRE_PRIMERO,NOMBRE_SEGUNDO,SALARIO_BASE_MENSUAL,ID_DIRECCION,ID_ESTADO_CIVIL,ID_GENERO,ID_USUARIO) VALUES (500,'Castillo','Godoy','López','LI6458','user500@metabit.tech.sv','Godoy500@gmail.com',1,'29-Jul-85',8,'Aixa','Ivana',800,560,500,507,500);; -- Jefe de Unidad
INSERT INTO EMPLEADOS (ID_EMPLEADO,APELLIDO_CASADA,APELLIDO_MATERNO,APELLIDO_PATERNO,CODIGO,CORREO_INSTITUCIONAL,CORREO_PERSONAL,EMPLEADO_HABILITADO,FECHA_NACIMIENTO,HORAS_TRABAJO,NOMBRE_PRIMERO,NOMBRE_SEGUNDO,SALARIO_BASE_MENSUAL,ID_DIRECCION,ID_ESTADO_CIVIL,ID_GENERO,ID_USUARIO) VALUES (501,'García','Olivares','Bustamante','TT2934','user501@metabit.tech.sv','Olivares501@gmail.com',1,'21-Mar-93',8,'Cintia','Madelyn',800,561,500,504,501);; -- Admin
INSERT INTO EMPLEADOS (ID_EMPLEADO,APELLIDO_CASADA,APELLIDO_MATERNO,APELLIDO_PATERNO,CODIGO,CORREO_INSTITUCIONAL,CORREO_PERSONAL,EMPLEADO_HABILITADO,FECHA_NACIMIENTO,HORAS_TRABAJO,NOMBRE_PRIMERO,NOMBRE_SEGUNDO,SALARIO_BASE_MENSUAL,ID_DIRECCION,ID_ESTADO_CIVIL,ID_GENERO,ID_USUARIO) VALUES (502,'Cárdenas','Venegas','Saavedra','WH8262','user502@metabit.tech.sv','Venegas502@gmail.com',1,'04-Sep-94',8,'Leticia','Amapola',800,562,503,502,502);; -- Jefe Planilla
INSERT INTO EMPLEADOS (ID_EMPLEADO,APELLIDO_CASADA,APELLIDO_MATERNO,APELLIDO_PATERNO,CODIGO,CORREO_INSTITUCIONAL,CORREO_PERSONAL,EMPLEADO_HABILITADO,FECHA_NACIMIENTO,HORAS_TRABAJO,NOMBRE_PRIMERO,NOMBRE_SEGUNDO,SALARIO_BASE_MENSUAL,ID_DIRECCION,ID_ESTADO_CIVIL,ID_GENERO,ID_USUARIO) VALUES (503,'Zúñiga','Venegas','Aravena','MI8527','user503@metabit.tech.sv','Venegas503@gmail.com',1,'23-Jan-98',8,'Naiara','Skarleth',800,563,502,508,503);; -- Auxiliar Planilla
INSERT INTO EMPLEADOS (ID_EMPLEADO,APELLIDO_CASADA,APELLIDO_MATERNO,APELLIDO_PATERNO,CODIGO,CORREO_INSTITUCIONAL,CORREO_PERSONAL,EMPLEADO_HABILITADO,FECHA_NACIMIENTO,HORAS_TRABAJO,NOMBRE_PRIMERO,NOMBRE_SEGUNDO,SALARIO_BASE_MENSUAL,ID_DIRECCION,ID_ESTADO_CIVIL,ID_GENERO,ID_USUARIO) VALUES (504,'Lagos','Pizarro','Aravena','UH3378','user504@metabit.tech.sv','Pizarro504@gmail.com',1,'08-Jul-91',8,'Joaquina','Ximena',800,564,504,508,504);; -- Presupuestario
INSERT INTO EMPLEADOS (ID_EMPLEADO,APELLIDO_CASADA,APELLIDO_MATERNO,APELLIDO_PATERNO,CODIGO,CORREO_INSTITUCIONAL,CORREO_PERSONAL,EMPLEADO_HABILITADO,FECHA_NACIMIENTO,HORAS_TRABAJO,NOMBRE_PRIMERO,NOMBRE_SEGUNDO,SALARIO_BASE_MENSUAL,ID_DIRECCION,ID_ESTADO_CIVIL,ID_GENERO,ID_USUARIO) VALUES (505,'Castillo','Figueroa','Maldonado','VK4514','user505@metabit.tech.sv','Figueroa505@gmail.com',1,'29-Nov-83',8,'Ines','Thiare',800,565,504,509,null);;
INSERT INTO EMPLEADOS (ID_EMPLEADO,APELLIDO_CASADA,APELLIDO_MATERNO,APELLIDO_PATERNO,CODIGO,CORREO_INSTITUCIONAL,CORREO_PERSONAL,EMPLEADO_HABILITADO,FECHA_NACIMIENTO,HORAS_TRABAJO,NOMBRE_PRIMERO,NOMBRE_SEGUNDO,SALARIO_BASE_MENSUAL,ID_DIRECCION,ID_ESTADO_CIVIL,ID_GENERO,ID_USUARIO) VALUES (506,'Venegas','Henríquez','Jiménez','TI5672','user506@metabit.tech.sv','Henríquez506@gmail.com',1,'30-Sep-91',8,'Alaniz','Madelein',800,566,501,506,null);;
INSERT INTO EMPLEADOS (ID_EMPLEADO,APELLIDO_CASADA,APELLIDO_MATERNO,APELLIDO_PATERNO,CODIGO,CORREO_INSTITUCIONAL,CORREO_PERSONAL,EMPLEADO_HABILITADO,FECHA_NACIMIENTO,HORAS_TRABAJO,NOMBRE_PRIMERO,NOMBRE_SEGUNDO,SALARIO_BASE_MENSUAL,ID_DIRECCION,ID_ESTADO_CIVIL,ID_GENERO,ID_USUARIO) VALUES (507,'Jiménez','Ortega','Medina','KI1374','user507@metabit.tech.sv','Ortega507@gmail.com',1,'19-Nov-89',8,'Dennis','Alfonsina',800,567,501,501,null);;
INSERT INTO EMPLEADOS (ID_EMPLEADO,APELLIDO_CASADA,APELLIDO_MATERNO,APELLIDO_PATERNO,CODIGO,CORREO_INSTITUCIONAL,CORREO_PERSONAL,EMPLEADO_HABILITADO,FECHA_NACIMIENTO,HORAS_TRABAJO,NOMBRE_PRIMERO,NOMBRE_SEGUNDO,SALARIO_BASE_MENSUAL,ID_DIRECCION,ID_ESTADO_CIVIL,ID_GENERO,ID_USUARIO) VALUES (508,'Garrido','Zúñiga','Venegas','YC7369','user508@metabit.tech.sv','Zúñiga508@gmail.com',1,'15-Sep-84',8,'Damarys','Charlotte',800,568,503,507,null);;
INSERT INTO EMPLEADOS (ID_EMPLEADO,APELLIDO_CASADA,APELLIDO_MATERNO,APELLIDO_PATERNO,CODIGO,CORREO_INSTITUCIONAL,CORREO_PERSONAL,EMPLEADO_HABILITADO,FECHA_NACIMIENTO,HORAS_TRABAJO,NOMBRE_PRIMERO,NOMBRE_SEGUNDO,SALARIO_BASE_MENSUAL,ID_DIRECCION,ID_ESTADO_CIVIL,ID_GENERO,ID_USUARIO) VALUES (509,'Valenzuela','Venegas','Bustos','BP9856','user509@metabit.tech.sv','Venegas509@gmail.com',1,'06-Oct-92',8,'Jazmín','Clara',800,569,500,500,null);;
INSERT INTO EMPLEADOS (ID_EMPLEADO,APELLIDO_CASADA,APELLIDO_MATERNO,APELLIDO_PATERNO,CODIGO,CORREO_INSTITUCIONAL,CORREO_PERSONAL,EMPLEADO_HABILITADO,FECHA_NACIMIENTO,HORAS_TRABAJO,NOMBRE_PRIMERO,NOMBRE_SEGUNDO,SALARIO_BASE_MENSUAL,ID_DIRECCION,ID_ESTADO_CIVIL,ID_GENERO,ID_USUARIO) VALUES (510,'Garrido','Toro','Sanhueza','AO6496','user510@metabit.tech.sv','Toro510@gmail.com',1,'09-Nov-98',8,'Yessenia','Marian',800,570,503,502,505);; -- Jefe de Unidad
INSERT INTO EMPLEADOS (ID_EMPLEADO,APELLIDO_CASADA,APELLIDO_MATERNO,APELLIDO_PATERNO,CODIGO,CORREO_INSTITUCIONAL,CORREO_PERSONAL,EMPLEADO_HABILITADO,FECHA_NACIMIENTO,HORAS_TRABAJO,NOMBRE_PRIMERO,NOMBRE_SEGUNDO,SALARIO_BASE_MENSUAL,ID_DIRECCION,ID_ESTADO_CIVIL,ID_GENERO,ID_USUARIO) VALUES (511,'Garrido','Navarro','Díaz','CJ4653','user511@metabit.tech.sv','Navarro511@gmail.com',1,'14-Apr-96',8,'Madeleyn','Selene',800,571,501,506,null);;
INSERT INTO EMPLEADOS (ID_EMPLEADO,APELLIDO_CASADA,APELLIDO_MATERNO,APELLIDO_PATERNO,CODIGO,CORREO_INSTITUCIONAL,CORREO_PERSONAL,EMPLEADO_HABILITADO,FECHA_NACIMIENTO,HORAS_TRABAJO,NOMBRE_PRIMERO,NOMBRE_SEGUNDO,SALARIO_BASE_MENSUAL,ID_DIRECCION,ID_ESTADO_CIVIL,ID_GENERO,ID_USUARIO) VALUES (512,'Sandoval','Contreras','Moreno','SC3274','user512@metabit.tech.sv','Contreras512@gmail.com',1,'18-Jul-85',8,'Yenifer','Amaia',800,572,503,502,null);;
INSERT INTO EMPLEADOS (ID_EMPLEADO,APELLIDO_CASADA,APELLIDO_MATERNO,APELLIDO_PATERNO,CODIGO,CORREO_INSTITUCIONAL,CORREO_PERSONAL,EMPLEADO_HABILITADO,FECHA_NACIMIENTO,HORAS_TRABAJO,NOMBRE_PRIMERO,NOMBRE_SEGUNDO,SALARIO_BASE_MENSUAL,ID_DIRECCION,ID_ESTADO_CIVIL,ID_GENERO,ID_USUARIO) VALUES (513,'Donoso','Pino','Vargas','BG8539','user513@metabit.tech.sv','Pino513@gmail.com',1,'11-Mar-00',8,'Giuliana','Giulianna',800,573,504,506,null);;
INSERT INTO EMPLEADOS (ID_EMPLEADO,APELLIDO_CASADA,APELLIDO_MATERNO,APELLIDO_PATERNO,CODIGO,CORREO_INSTITUCIONAL,CORREO_PERSONAL,EMPLEADO_HABILITADO,FECHA_NACIMIENTO,HORAS_TRABAJO,NOMBRE_PRIMERO,NOMBRE_SEGUNDO,SALARIO_BASE_MENSUAL,ID_DIRECCION,ID_ESTADO_CIVIL,ID_GENERO,ID_USUARIO) VALUES (514,'López','Olivares','Rojas','MK8782','user514@metabit.tech.sv','Olivares514@gmail.com',1,'02-May-81',8,'Nathalia','Guadalupe',800,574,502,505,null);;
INSERT INTO EMPLEADOS (ID_EMPLEADO,APELLIDO_CASADA,APELLIDO_MATERNO,APELLIDO_PATERNO,CODIGO,CORREO_INSTITUCIONAL,CORREO_PERSONAL,EMPLEADO_HABILITADO,FECHA_NACIMIENTO,HORAS_TRABAJO,NOMBRE_PRIMERO,NOMBRE_SEGUNDO,SALARIO_BASE_MENSUAL,ID_DIRECCION,ID_ESTADO_CIVIL,ID_GENERO,ID_USUARIO) VALUES (515,'Martínez','Ramírez','Navarrete','FS7148','user515@metabit.tech.sv','Ramírez515@gmail.com',1,'25-Apr-82',8,'Mara','Barbara',800,575,502,506,null);;
INSERT INTO EMPLEADOS (ID_EMPLEADO,APELLIDO_CASADA,APELLIDO_MATERNO,APELLIDO_PATERNO,CODIGO,CORREO_INSTITUCIONAL,CORREO_PERSONAL,EMPLEADO_HABILITADO,FECHA_NACIMIENTO,HORAS_TRABAJO,NOMBRE_PRIMERO,NOMBRE_SEGUNDO,SALARIO_BASE_MENSUAL,ID_DIRECCION,ID_ESTADO_CIVIL,ID_GENERO,ID_USUARIO) VALUES (516,'González','Campos','Araya','KM6664','user516@metabit.tech.sv','Campos516@gmail.com',1,'23-Jul-89',8,'Geanella','Melanie',800,576,500,504,null);;
INSERT INTO EMPLEADOS (ID_EMPLEADO,APELLIDO_CASADA,APELLIDO_MATERNO,APELLIDO_PATERNO,CODIGO,CORREO_INSTITUCIONAL,CORREO_PERSONAL,EMPLEADO_HABILITADO,FECHA_NACIMIENTO,HORAS_TRABAJO,NOMBRE_PRIMERO,NOMBRE_SEGUNDO,SALARIO_BASE_MENSUAL,ID_DIRECCION,ID_ESTADO_CIVIL,ID_GENERO,ID_USUARIO) VALUES (517,'Miranda','Sáez','Rodríguez','GC0702','user517@metabit.tech.sv','Sáez517@gmail.com',1,'17-Mar-98',8,'María','Mailen',800,577,502,509,null);;
INSERT INTO EMPLEADOS (ID_EMPLEADO,APELLIDO_CASADA,APELLIDO_MATERNO,APELLIDO_PATERNO,CODIGO,CORREO_INSTITUCIONAL,CORREO_PERSONAL,EMPLEADO_HABILITADO,FECHA_NACIMIENTO,HORAS_TRABAJO,NOMBRE_PRIMERO,NOMBRE_SEGUNDO,SALARIO_BASE_MENSUAL,ID_DIRECCION,ID_ESTADO_CIVIL,ID_GENERO,ID_USUARIO) VALUES (518,'Cárdenas','Guzmán','Leiva','LK5411','user518@metabit.tech.sv','Guzmán518@gmail.com',1,'24-Sep-84',8,'Jessica','Millaray',800,578,501,503,null);;
INSERT INTO EMPLEADOS (ID_EMPLEADO,APELLIDO_CASADA,APELLIDO_MATERNO,APELLIDO_PATERNO,CODIGO,CORREO_INSTITUCIONAL,CORREO_PERSONAL,EMPLEADO_HABILITADO,FECHA_NACIMIENTO,HORAS_TRABAJO,NOMBRE_PRIMERO,NOMBRE_SEGUNDO,SALARIO_BASE_MENSUAL,ID_DIRECCION,ID_ESTADO_CIVIL,ID_GENERO,ID_USUARIO) VALUES (519,'Carvajal','Escobar','Toro','EV4340','user519@metabit.tech.sv','Escobar519@gmail.com',1,'11-Nov-93',8,'Mabel','Sharon',800,579,501,503,null);;
INSERT INTO EMPLEADOS (ID_EMPLEADO,APELLIDO_CASADA,APELLIDO_MATERNO,APELLIDO_PATERNO,CODIGO,CORREO_INSTITUCIONAL,CORREO_PERSONAL,EMPLEADO_HABILITADO,FECHA_NACIMIENTO,HORAS_TRABAJO,NOMBRE_PRIMERO,NOMBRE_SEGUNDO,SALARIO_BASE_MENSUAL,ID_DIRECCION,ID_ESTADO_CIVIL,ID_GENERO,ID_USUARIO) VALUES (520,'Vergara','Carrasco','Tapia','YO7775','user520@metabit.tech.sv','Carrasco520@gmail.com',1,'08-Nov-98',8,'Alexsandra','Ayline',800,580,500,502,506);; -- Jefe de Unidad
INSERT INTO EMPLEADOS (ID_EMPLEADO,APELLIDO_CASADA,APELLIDO_MATERNO,APELLIDO_PATERNO,CODIGO,CORREO_INSTITUCIONAL,CORREO_PERSONAL,EMPLEADO_HABILITADO,FECHA_NACIMIENTO,HORAS_TRABAJO,NOMBRE_PRIMERO,NOMBRE_SEGUNDO,SALARIO_BASE_MENSUAL,ID_DIRECCION,ID_ESTADO_CIVIL,ID_GENERO,ID_USUARIO) VALUES (521,'Navarro','Ortiz','Maldonado','IX5896','user521@metabit.tech.sv','Ortiz521@gmail.com',1,'29-Apr-86',8,'Ashley','Rocio',800,581,501,508,null);;
INSERT INTO EMPLEADOS (ID_EMPLEADO,APELLIDO_CASADA,APELLIDO_MATERNO,APELLIDO_PATERNO,CODIGO,CORREO_INSTITUCIONAL,CORREO_PERSONAL,EMPLEADO_HABILITADO,FECHA_NACIMIENTO,HORAS_TRABAJO,NOMBRE_PRIMERO,NOMBRE_SEGUNDO,SALARIO_BASE_MENSUAL,ID_DIRECCION,ID_ESTADO_CIVIL,ID_GENERO,ID_USUARIO) VALUES (522,'Fuentes','Jara','Cárdenas','TX1160','user522@metabit.tech.sv','Jara522@gmail.com',1,'12-Jul-82',8,'Naomy','Charlotte',800,582,503,502,null);;
INSERT INTO EMPLEADOS (ID_EMPLEADO,APELLIDO_CASADA,APELLIDO_MATERNO,APELLIDO_PATERNO,CODIGO,CORREO_INSTITUCIONAL,CORREO_PERSONAL,EMPLEADO_HABILITADO,FECHA_NACIMIENTO,HORAS_TRABAJO,NOMBRE_PRIMERO,NOMBRE_SEGUNDO,SALARIO_BASE_MENSUAL,ID_DIRECCION,ID_ESTADO_CIVIL,ID_GENERO,ID_USUARIO) VALUES (523,'Díaz','Contreras','Romero','JH7280','user523@metabit.tech.sv','Contreras523@gmail.com',1,'09-Jan-92',8,'Helen','Estrella',800,583,500,507,null);;
INSERT INTO EMPLEADOS (ID_EMPLEADO,APELLIDO_CASADA,APELLIDO_MATERNO,APELLIDO_PATERNO,CODIGO,CORREO_INSTITUCIONAL,CORREO_PERSONAL,EMPLEADO_HABILITADO,FECHA_NACIMIENTO,HORAS_TRABAJO,NOMBRE_PRIMERO,NOMBRE_SEGUNDO,SALARIO_BASE_MENSUAL,ID_DIRECCION,ID_ESTADO_CIVIL,ID_GENERO,ID_USUARIO) VALUES (524,'Medina','Reyes','Jara','HY0037','user524@metabit.tech.sv','Reyes524@gmail.com',1,'04-Feb-97',8,'Jenny','Adela',800,584,503,500,null);;
INSERT INTO EMPLEADOS (ID_EMPLEADO,APELLIDO_CASADA,APELLIDO_MATERNO,APELLIDO_PATERNO,CODIGO,CORREO_INSTITUCIONAL,CORREO_PERSONAL,EMPLEADO_HABILITADO,FECHA_NACIMIENTO,HORAS_TRABAJO,NOMBRE_PRIMERO,NOMBRE_SEGUNDO,SALARIO_BASE_MENSUAL,ID_DIRECCION,ID_ESTADO_CIVIL,ID_GENERO,ID_USUARIO) VALUES (525,'Álvarez','Figueroa','Núñez','PV4728','user525@metabit.tech.sv','Figueroa525@gmail.com',1,'20-Mar-86',8,'Cristal','Nayeli',800,585,500,508,null);;
INSERT INTO EMPLEADOS (ID_EMPLEADO,APELLIDO_CASADA,APELLIDO_MATERNO,APELLIDO_PATERNO,CODIGO,CORREO_INSTITUCIONAL,CORREO_PERSONAL,EMPLEADO_HABILITADO,FECHA_NACIMIENTO,HORAS_TRABAJO,NOMBRE_PRIMERO,NOMBRE_SEGUNDO,SALARIO_BASE_MENSUAL,ID_DIRECCION,ID_ESTADO_CIVIL,ID_GENERO,ID_USUARIO) VALUES (526,'Carvajal','Castillo','Pino','PD3942','user526@metabit.tech.sv','Castillo526@gmail.com',1,'22-Aug-90',8,'Kendra','Isabella',800,586,501,507,null);;
INSERT INTO EMPLEADOS (ID_EMPLEADO,APELLIDO_CASADA,APELLIDO_MATERNO,APELLIDO_PATERNO,CODIGO,CORREO_INSTITUCIONAL,CORREO_PERSONAL,EMPLEADO_HABILITADO,FECHA_NACIMIENTO,HORAS_TRABAJO,NOMBRE_PRIMERO,NOMBRE_SEGUNDO,SALARIO_BASE_MENSUAL,ID_DIRECCION,ID_ESTADO_CIVIL,ID_GENERO,ID_USUARIO) VALUES (527,'Pizarro','Ortega','Soto','ZA1275','user527@metabit.tech.sv','Ortega527@gmail.com',1,'07-Jun-00',8,'Susan','Francesca',800,587,500,506,null);;
INSERT INTO EMPLEADOS (ID_EMPLEADO,APELLIDO_CASADA,APELLIDO_MATERNO,APELLIDO_PATERNO,CODIGO,CORREO_INSTITUCIONAL,CORREO_PERSONAL,EMPLEADO_HABILITADO,FECHA_NACIMIENTO,HORAS_TRABAJO,NOMBRE_PRIMERO,NOMBRE_SEGUNDO,SALARIO_BASE_MENSUAL,ID_DIRECCION,ID_ESTADO_CIVIL,ID_GENERO,ID_USUARIO) VALUES (528,'Jara','Salazar','Peña','ZU6596','user528@metabit.tech.sv','Salazar528@gmail.com',1,'04-Mar-92',8,'Dominga','Tabatha',800,588,502,507,null);;
INSERT INTO EMPLEADOS (ID_EMPLEADO,APELLIDO_CASADA,APELLIDO_MATERNO,APELLIDO_PATERNO,CODIGO,CORREO_INSTITUCIONAL,CORREO_PERSONAL,EMPLEADO_HABILITADO,FECHA_NACIMIENTO,HORAS_TRABAJO,NOMBRE_PRIMERO,NOMBRE_SEGUNDO,SALARIO_BASE_MENSUAL,ID_DIRECCION,ID_ESTADO_CIVIL,ID_GENERO,ID_USUARIO) VALUES (529,'Morales','Contreras','Sánchez','QD0984','user529@metabit.tech.sv','Contreras529@gmail.com',1,'04-Jul-81',8,'Susan','París',800,589,502,508,null);;

INSERT INTO EMPLEADOS (ID_EMPLEADO,APELLIDO_CASADA,APELLIDO_MATERNO,APELLIDO_PATERNO,CODIGO,CORREO_INSTITUCIONAL,CORREO_PERSONAL,EMPLEADO_HABILITADO,FECHA_NACIMIENTO,HORAS_TRABAJO,NOMBRE_PRIMERO,NOMBRE_SEGUNDO,SALARIO_BASE_MENSUAL,ID_DIRECCION,ID_ESTADO_CIVIL,ID_GENERO,ID_USUARIO) VALUES (530,null,'Hernández','Orellana','OS7656','user530@metabit.tech.sv','Hernández530@gmail.com',1,'06-Nov-95',8,'Eddie','Gabriel',800,560,503,502,507);; -- Jefe de Unidad
INSERT INTO EMPLEADOS (ID_EMPLEADO,APELLIDO_CASADA,APELLIDO_MATERNO,APELLIDO_PATERNO,CODIGO,CORREO_INSTITUCIONAL,CORREO_PERSONAL,EMPLEADO_HABILITADO,FECHA_NACIMIENTO,HORAS_TRABAJO,NOMBRE_PRIMERO,NOMBRE_SEGUNDO,SALARIO_BASE_MENSUAL,ID_DIRECCION,ID_ESTADO_CIVIL,ID_GENERO,ID_USUARIO) VALUES (531,null,'Paredes','Poblete','SC8777','user531@metabit.tech.sv','Paredes531@gmail.com',1,'05-Apr-96',8,'Isai','Inti',800,561,504,505,null);;
INSERT INTO EMPLEADOS (ID_EMPLEADO,APELLIDO_CASADA,APELLIDO_MATERNO,APELLIDO_PATERNO,CODIGO,CORREO_INSTITUCIONAL,CORREO_PERSONAL,EMPLEADO_HABILITADO,FECHA_NACIMIENTO,HORAS_TRABAJO,NOMBRE_PRIMERO,NOMBRE_SEGUNDO,SALARIO_BASE_MENSUAL,ID_DIRECCION,ID_ESTADO_CIVIL,ID_GENERO,ID_USUARIO) VALUES (532,null,'Díaz','Yáñez','JB2157','user532@metabit.tech.sv','Díaz532@gmail.com',1,'14-Mar-83',8,'Eithan','Valentin',800,562,504,501,null);;
INSERT INTO EMPLEADOS (ID_EMPLEADO,APELLIDO_CASADA,APELLIDO_MATERNO,APELLIDO_PATERNO,CODIGO,CORREO_INSTITUCIONAL,CORREO_PERSONAL,EMPLEADO_HABILITADO,FECHA_NACIMIENTO,HORAS_TRABAJO,NOMBRE_PRIMERO,NOMBRE_SEGUNDO,SALARIO_BASE_MENSUAL,ID_DIRECCION,ID_ESTADO_CIVIL,ID_GENERO,ID_USUARIO) VALUES (533,null,'Campos','Leiva','BK8963','user533@metabit.tech.sv','Campos533@gmail.com',1,'15-Oct-83',8,'Kristian','Nicholas',800,563,500,505,null);;
INSERT INTO EMPLEADOS (ID_EMPLEADO,APELLIDO_CASADA,APELLIDO_MATERNO,APELLIDO_PATERNO,CODIGO,CORREO_INSTITUCIONAL,CORREO_PERSONAL,EMPLEADO_HABILITADO,FECHA_NACIMIENTO,HORAS_TRABAJO,NOMBRE_PRIMERO,NOMBRE_SEGUNDO,SALARIO_BASE_MENSUAL,ID_DIRECCION,ID_ESTADO_CIVIL,ID_GENERO,ID_USUARIO) VALUES (534,null,'Lagos','Sanhueza','FJ0403','user534@metabit.tech.sv','Lagos534@gmail.com',1,'18-Apr-99',8,'Ibrahim','Ethan',800,564,500,500,null);;
INSERT INTO EMPLEADOS (ID_EMPLEADO,APELLIDO_CASADA,APELLIDO_MATERNO,APELLIDO_PATERNO,CODIGO,CORREO_INSTITUCIONAL,CORREO_PERSONAL,EMPLEADO_HABILITADO,FECHA_NACIMIENTO,HORAS_TRABAJO,NOMBRE_PRIMERO,NOMBRE_SEGUNDO,SALARIO_BASE_MENSUAL,ID_DIRECCION,ID_ESTADO_CIVIL,ID_GENERO,ID_USUARIO) VALUES (535,null,'Reyes','Salazar','ZE2531','user535@metabit.tech.sv','Reyes535@gmail.com',1,'22-Dec-80',8,'Salomón','Benjamín',800,565,503,503,null);;
INSERT INTO EMPLEADOS (ID_EMPLEADO,APELLIDO_CASADA,APELLIDO_MATERNO,APELLIDO_PATERNO,CODIGO,CORREO_INSTITUCIONAL,CORREO_PERSONAL,EMPLEADO_HABILITADO,FECHA_NACIMIENTO,HORAS_TRABAJO,NOMBRE_PRIMERO,NOMBRE_SEGUNDO,SALARIO_BASE_MENSUAL,ID_DIRECCION,ID_ESTADO_CIVIL,ID_GENERO,ID_USUARIO) VALUES (536,null,'Escobar','Toro','IX8701','user536@metabit.tech.sv','Escobar536@gmail.com',1,'11-Jul-97',8,'Milton','James',800,566,504,504,null);;
INSERT INTO EMPLEADOS (ID_EMPLEADO,APELLIDO_CASADA,APELLIDO_MATERNO,APELLIDO_PATERNO,CODIGO,CORREO_INSTITUCIONAL,CORREO_PERSONAL,EMPLEADO_HABILITADO,FECHA_NACIMIENTO,HORAS_TRABAJO,NOMBRE_PRIMERO,NOMBRE_SEGUNDO,SALARIO_BASE_MENSUAL,ID_DIRECCION,ID_ESTADO_CIVIL,ID_GENERO,ID_USUARIO) VALUES (537,null,'Valdés','Castro','QB2787','user537@metabit.tech.sv','Valdés537@gmail.com',1,'19-Sep-81',8,'Sami','Yojan',800,567,500,502,null);;
INSERT INTO EMPLEADOS (ID_EMPLEADO,APELLIDO_CASADA,APELLIDO_MATERNO,APELLIDO_PATERNO,CODIGO,CORREO_INSTITUCIONAL,CORREO_PERSONAL,EMPLEADO_HABILITADO,FECHA_NACIMIENTO,HORAS_TRABAJO,NOMBRE_PRIMERO,NOMBRE_SEGUNDO,SALARIO_BASE_MENSUAL,ID_DIRECCION,ID_ESTADO_CIVIL,ID_GENERO,ID_USUARIO) VALUES (538,null,'Cárdenas','Bustos','BT9674','user538@metabit.tech.sv','Cárdenas538@gmail.com',1,'20-Jun-92',8,'Jahir','Duvan',800,568,501,500,null);;
INSERT INTO EMPLEADOS (ID_EMPLEADO,APELLIDO_CASADA,APELLIDO_MATERNO,APELLIDO_PATERNO,CODIGO,CORREO_INSTITUCIONAL,CORREO_PERSONAL,EMPLEADO_HABILITADO,FECHA_NACIMIENTO,HORAS_TRABAJO,NOMBRE_PRIMERO,NOMBRE_SEGUNDO,SALARIO_BASE_MENSUAL,ID_DIRECCION,ID_ESTADO_CIVIL,ID_GENERO,ID_USUARIO) VALUES (539,null,'Cáceres','Rodríguez','BC5582','user539@metabit.tech.sv','Cáceres539@gmail.com',1,'22-Mar-96',8,'Jairo','Lucciano',800,569,502,508,null);;
INSERT INTO EMPLEADOS (ID_EMPLEADO,APELLIDO_CASADA,APELLIDO_MATERNO,APELLIDO_PATERNO,CODIGO,CORREO_INSTITUCIONAL,CORREO_PERSONAL,EMPLEADO_HABILITADO,FECHA_NACIMIENTO,HORAS_TRABAJO,NOMBRE_PRIMERO,NOMBRE_SEGUNDO,SALARIO_BASE_MENSUAL,ID_DIRECCION,ID_ESTADO_CIVIL,ID_GENERO,ID_USUARIO) VALUES (540,null,'Sánchez','Torres','FI6539','user540@metabit.tech.sv','Sánchez540@gmail.com',1,'01-Jul-95',8,'Matthias','Oscar',800,570,504,506,508);; -- Jefe de Unidad
INSERT INTO EMPLEADOS (ID_EMPLEADO,APELLIDO_CASADA,APELLIDO_MATERNO,APELLIDO_PATERNO,CODIGO,CORREO_INSTITUCIONAL,CORREO_PERSONAL,EMPLEADO_HABILITADO,FECHA_NACIMIENTO,HORAS_TRABAJO,NOMBRE_PRIMERO,NOMBRE_SEGUNDO,SALARIO_BASE_MENSUAL,ID_DIRECCION,ID_ESTADO_CIVIL,ID_GENERO,ID_USUARIO) VALUES (541,null,'Salinas','Donoso','HS9073','user541@metabit.tech.sv','Salinas541@gmail.com',1,'15-Sep-82',8,'Johans','Kristopher',800,571,503,504,null);;
INSERT INTO EMPLEADOS (ID_EMPLEADO,APELLIDO_CASADA,APELLIDO_MATERNO,APELLIDO_PATERNO,CODIGO,CORREO_INSTITUCIONAL,CORREO_PERSONAL,EMPLEADO_HABILITADO,FECHA_NACIMIENTO,HORAS_TRABAJO,NOMBRE_PRIMERO,NOMBRE_SEGUNDO,SALARIO_BASE_MENSUAL,ID_DIRECCION,ID_ESTADO_CIVIL,ID_GENERO,ID_USUARIO) VALUES (542,null,'Silva','Gallardo','LF8066','user542@metabit.tech.sv','Silva542@gmail.com',1,'02-Mar-95',8,'Lucian','Dilan',800,572,501,507,null);;
INSERT INTO EMPLEADOS (ID_EMPLEADO,APELLIDO_CASADA,APELLIDO_MATERNO,APELLIDO_PATERNO,CODIGO,CORREO_INSTITUCIONAL,CORREO_PERSONAL,EMPLEADO_HABILITADO,FECHA_NACIMIENTO,HORAS_TRABAJO,NOMBRE_PRIMERO,NOMBRE_SEGUNDO,SALARIO_BASE_MENSUAL,ID_DIRECCION,ID_ESTADO_CIVIL,ID_GENERO,ID_USUARIO) VALUES (543,null,'Sanhueza','Aguilera','PZ0621','user543@metabit.tech.sv','Sanhueza543@gmail.com',1,'29-Apr-99',8,'Joshua','Apolo',800,573,503,509,null);;
INSERT INTO EMPLEADOS (ID_EMPLEADO,APELLIDO_CASADA,APELLIDO_MATERNO,APELLIDO_PATERNO,CODIGO,CORREO_INSTITUCIONAL,CORREO_PERSONAL,EMPLEADO_HABILITADO,FECHA_NACIMIENTO,HORAS_TRABAJO,NOMBRE_PRIMERO,NOMBRE_SEGUNDO,SALARIO_BASE_MENSUAL,ID_DIRECCION,ID_ESTADO_CIVIL,ID_GENERO,ID_USUARIO) VALUES (544,null,'Sáez','Reyes','KA9237','user544@metabit.tech.sv','Sáez544@gmail.com',1,'19-Apr-89',8,'Eloy','Mauro',800,574,502,508,null);;
INSERT INTO EMPLEADOS (ID_EMPLEADO,APELLIDO_CASADA,APELLIDO_MATERNO,APELLIDO_PATERNO,CODIGO,CORREO_INSTITUCIONAL,CORREO_PERSONAL,EMPLEADO_HABILITADO,FECHA_NACIMIENTO,HORAS_TRABAJO,NOMBRE_PRIMERO,NOMBRE_SEGUNDO,SALARIO_BASE_MENSUAL,ID_DIRECCION,ID_ESTADO_CIVIL,ID_GENERO,ID_USUARIO) VALUES (545,null,'Gutiérrez','Morales','BB0249','user545@metabit.tech.sv','Gutiérrez545@gmail.com',1,'29-Mar-90',8,'Giancarlos','Paolo',800,575,500,509,null);;
INSERT INTO EMPLEADOS (ID_EMPLEADO,APELLIDO_CASADA,APELLIDO_MATERNO,APELLIDO_PATERNO,CODIGO,CORREO_INSTITUCIONAL,CORREO_PERSONAL,EMPLEADO_HABILITADO,FECHA_NACIMIENTO,HORAS_TRABAJO,NOMBRE_PRIMERO,NOMBRE_SEGUNDO,SALARIO_BASE_MENSUAL,ID_DIRECCION,ID_ESTADO_CIVIL,ID_GENERO,ID_USUARIO) VALUES (546,null,'Morales','Soto','DL0154','user546@metabit.tech.sv','Morales546@gmail.com',1,'29-Dec-98',8,'Raymond','Yazid',800,576,501,500,null);;
INSERT INTO EMPLEADOS (ID_EMPLEADO,APELLIDO_CASADA,APELLIDO_MATERNO,APELLIDO_PATERNO,CODIGO,CORREO_INSTITUCIONAL,CORREO_PERSONAL,EMPLEADO_HABILITADO,FECHA_NACIMIENTO,HORAS_TRABAJO,NOMBRE_PRIMERO,NOMBRE_SEGUNDO,SALARIO_BASE_MENSUAL,ID_DIRECCION,ID_ESTADO_CIVIL,ID_GENERO,ID_USUARIO) VALUES (547,null,'Venegas','Paredes','DL1307','user547@metabit.tech.sv','Venegas547@gmail.com',1,'20-Sep-85',8,'Anakin','Ezekiel',800,577,500,507,null);;
INSERT INTO EMPLEADOS (ID_EMPLEADO,APELLIDO_CASADA,APELLIDO_MATERNO,APELLIDO_PATERNO,CODIGO,CORREO_INSTITUCIONAL,CORREO_PERSONAL,EMPLEADO_HABILITADO,FECHA_NACIMIENTO,HORAS_TRABAJO,NOMBRE_PRIMERO,NOMBRE_SEGUNDO,SALARIO_BASE_MENSUAL,ID_DIRECCION,ID_ESTADO_CIVIL,ID_GENERO,ID_USUARIO) VALUES (548,null,'Salazar','Godoy','FP3829','user548@metabit.tech.sv','Salazar548@gmail.com',1,'24-Dec-88',8,'Gregory','Axel',800,578,501,501,null);;
INSERT INTO EMPLEADOS (ID_EMPLEADO,APELLIDO_CASADA,APELLIDO_MATERNO,APELLIDO_PATERNO,CODIGO,CORREO_INSTITUCIONAL,CORREO_PERSONAL,EMPLEADO_HABILITADO,FECHA_NACIMIENTO,HORAS_TRABAJO,NOMBRE_PRIMERO,NOMBRE_SEGUNDO,SALARIO_BASE_MENSUAL,ID_DIRECCION,ID_ESTADO_CIVIL,ID_GENERO,ID_USUARIO) VALUES (549,null,'Ortega','Leiva','ZA0298','user549@metabit.tech.sv','Ortega549@gmail.com',1,'12-Jul-92',8,'Hans','Jeison',800,579,504,509,null);;
INSERT INTO EMPLEADOS (ID_EMPLEADO,APELLIDO_CASADA,APELLIDO_MATERNO,APELLIDO_PATERNO,CODIGO,CORREO_INSTITUCIONAL,CORREO_PERSONAL,EMPLEADO_HABILITADO,FECHA_NACIMIENTO,HORAS_TRABAJO,NOMBRE_PRIMERO,NOMBRE_SEGUNDO,SALARIO_BASE_MENSUAL,ID_DIRECCION,ID_ESTADO_CIVIL,ID_GENERO,ID_USUARIO) VALUES (550,null,'Rojas','Pizarro','CY3112','user550@metabit.tech.sv','Rojas550@gmail.com',1,'07-Feb-00',8,'Mateo','Josúe',800,580,504,503,509);; -- Jefe de Unidad
INSERT INTO EMPLEADOS (ID_EMPLEADO,APELLIDO_CASADA,APELLIDO_MATERNO,APELLIDO_PATERNO,CODIGO,CORREO_INSTITUCIONAL,CORREO_PERSONAL,EMPLEADO_HABILITADO,FECHA_NACIMIENTO,HORAS_TRABAJO,NOMBRE_PRIMERO,NOMBRE_SEGUNDO,SALARIO_BASE_MENSUAL,ID_DIRECCION,ID_ESTADO_CIVIL,ID_GENERO,ID_USUARIO) VALUES (551,null,'Bravo','Sánchez','KJ9888','user551@metabit.tech.sv','Bravo551@gmail.com',1,'16-Mar-90',8,'Segundo','Italo',800,581,502,500,null);;
INSERT INTO EMPLEADOS (ID_EMPLEADO,APELLIDO_CASADA,APELLIDO_MATERNO,APELLIDO_PATERNO,CODIGO,CORREO_INSTITUCIONAL,CORREO_PERSONAL,EMPLEADO_HABILITADO,FECHA_NACIMIENTO,HORAS_TRABAJO,NOMBRE_PRIMERO,NOMBRE_SEGUNDO,SALARIO_BASE_MENSUAL,ID_DIRECCION,ID_ESTADO_CIVIL,ID_GENERO,ID_USUARIO) VALUES (552,null,'Donoso','Jara','JV4473','user552@metabit.tech.sv','Donoso552@gmail.com',1,'21-Aug-91',8,'Paolo','Maiquel',800,582,504,501,null);;
INSERT INTO EMPLEADOS (ID_EMPLEADO,APELLIDO_CASADA,APELLIDO_MATERNO,APELLIDO_PATERNO,CODIGO,CORREO_INSTITUCIONAL,CORREO_PERSONAL,EMPLEADO_HABILITADO,FECHA_NACIMIENTO,HORAS_TRABAJO,NOMBRE_PRIMERO,NOMBRE_SEGUNDO,SALARIO_BASE_MENSUAL,ID_DIRECCION,ID_ESTADO_CIVIL,ID_GENERO,ID_USUARIO) VALUES (553,null,'Núñez','Sandoval','FM5528','user553@metabit.tech.sv','Núñez553@gmail.com',1,'17-Nov-95',8,'Yohan','Ian',800,583,500,507,null);;
INSERT INTO EMPLEADOS (ID_EMPLEADO,APELLIDO_CASADA,APELLIDO_MATERNO,APELLIDO_PATERNO,CODIGO,CORREO_INSTITUCIONAL,CORREO_PERSONAL,EMPLEADO_HABILITADO,FECHA_NACIMIENTO,HORAS_TRABAJO,NOMBRE_PRIMERO,NOMBRE_SEGUNDO,SALARIO_BASE_MENSUAL,ID_DIRECCION,ID_ESTADO_CIVIL,ID_GENERO,ID_USUARIO) VALUES (554,null,'Vidal','Flores','FU3826','user554@metabit.tech.sv','Vidal554@gmail.com',1,'14-Aug-92',8,'Nehemias','Alonso',800,584,502,509,null);;
INSERT INTO EMPLEADOS (ID_EMPLEADO,APELLIDO_CASADA,APELLIDO_MATERNO,APELLIDO_PATERNO,CODIGO,CORREO_INSTITUCIONAL,CORREO_PERSONAL,EMPLEADO_HABILITADO,FECHA_NACIMIENTO,HORAS_TRABAJO,NOMBRE_PRIMERO,NOMBRE_SEGUNDO,SALARIO_BASE_MENSUAL,ID_DIRECCION,ID_ESTADO_CIVIL,ID_GENERO,ID_USUARIO) VALUES (555,null,'Maldonado','Pino','QT8189','user555@metabit.tech.sv','Maldonado555@gmail.com',1,'15-Dec-93',8,'Gianluca','Anthony',800,585,504,507,null);;
INSERT INTO EMPLEADOS (ID_EMPLEADO,APELLIDO_CASADA,APELLIDO_MATERNO,APELLIDO_PATERNO,CODIGO,CORREO_INSTITUCIONAL,CORREO_PERSONAL,EMPLEADO_HABILITADO,FECHA_NACIMIENTO,HORAS_TRABAJO,NOMBRE_PRIMERO,NOMBRE_SEGUNDO,SALARIO_BASE_MENSUAL,ID_DIRECCION,ID_ESTADO_CIVIL,ID_GENERO,ID_USUARIO) VALUES (556,null,'Bustamante','Hernández','CL0718','user556@metabit.tech.sv','Bustamante556@gmail.com',1,'31-Aug-85',8,'Markus','Jastin',800,586,504,503,null);;
INSERT INTO EMPLEADOS (ID_EMPLEADO,APELLIDO_CASADA,APELLIDO_MATERNO,APELLIDO_PATERNO,CODIGO,CORREO_INSTITUCIONAL,CORREO_PERSONAL,EMPLEADO_HABILITADO,FECHA_NACIMIENTO,HORAS_TRABAJO,NOMBRE_PRIMERO,NOMBRE_SEGUNDO,SALARIO_BASE_MENSUAL,ID_DIRECCION,ID_ESTADO_CIVIL,ID_GENERO,ID_USUARIO) VALUES (557,null,'Venegas','Zúñiga','DQ7374','user557@metabit.tech.sv','Venegas557@gmail.com',1,'30-Oct-95',8,'Samir','Franko',800,587,501,506,null);;
INSERT INTO EMPLEADOS (ID_EMPLEADO,APELLIDO_CASADA,APELLIDO_MATERNO,APELLIDO_PATERNO,CODIGO,CORREO_INSTITUCIONAL,CORREO_PERSONAL,EMPLEADO_HABILITADO,FECHA_NACIMIENTO,HORAS_TRABAJO,NOMBRE_PRIMERO,NOMBRE_SEGUNDO,SALARIO_BASE_MENSUAL,ID_DIRECCION,ID_ESTADO_CIVIL,ID_GENERO,ID_USUARIO) VALUES (558,null,'Pizarro','Rodríguez','AQ2351','user558@metabit.tech.sv','Pizarro558@gmail.com',1,'24-Feb-86',8,'Nahum','Maximilian',800,588,501,507,null);;
INSERT INTO EMPLEADOS (ID_EMPLEADO,APELLIDO_CASADA,APELLIDO_MATERNO,APELLIDO_PATERNO,CODIGO,CORREO_INSTITUCIONAL,CORREO_PERSONAL,EMPLEADO_HABILITADO,FECHA_NACIMIENTO,HORAS_TRABAJO,NOMBRE_PRIMERO,NOMBRE_SEGUNDO,SALARIO_BASE_MENSUAL,ID_DIRECCION,ID_ESTADO_CIVIL,ID_GENERO,ID_USUARIO) VALUES (559,null,'Zúñiga','Álvarez','GF5981','user559@metabit.tech.sv','Zúñiga559@gmail.com',1,'15-Mar-90',8,'Yamir','Vladimir',800,589,503,508,null);;


INSERT INTO EMPLEADOS (ID_EMPLEADO,APELLIDO_CASADA,APELLIDO_MATERNO,APELLIDO_PATERNO,CODIGO,CORREO_INSTITUCIONAL,CORREO_PERSONAL,EMPLEADO_HABILITADO,FECHA_NACIMIENTO,HORAS_TRABAJO,NOMBRE_PRIMERO,NOMBRE_SEGUNDO,SALARIO_BASE_MENSUAL,ID_DIRECCION,ID_ESTADO_CIVIL,ID_GENERO,ID_USUARIO) VALUES (560,null,'Soto','Valenzuela','AA9601','user560@metabit.tech.sv','Soto560@gmail.com',1,'14-Sep-92',8,'Diego','Luis',800,560,501,501,510);; -- Jefe de Unidad
INSERT INTO EMPLEADOS (ID_EMPLEADO,APELLIDO_CASADA,APELLIDO_MATERNO,APELLIDO_PATERNO,CODIGO,CORREO_INSTITUCIONAL,CORREO_PERSONAL,EMPLEADO_HABILITADO,FECHA_NACIMIENTO,HORAS_TRABAJO,NOMBRE_PRIMERO,NOMBRE_SEGUNDO,SALARIO_BASE_MENSUAL,ID_DIRECCION,ID_ESTADO_CIVIL,ID_GENERO,ID_USUARIO) VALUES (561,null,'Castillo','Valenzuela','JA3917','user561@metabit.tech.sv','Castillo561@gmail.com',1,'04-Jun-96',8,'Nahir','Roberth',800,561,502,502,null);;
INSERT INTO EMPLEADOS (ID_EMPLEADO,APELLIDO_CASADA,APELLIDO_MATERNO,APELLIDO_PATERNO,CODIGO,CORREO_INSTITUCIONAL,CORREO_PERSONAL,EMPLEADO_HABILITADO,FECHA_NACIMIENTO,HORAS_TRABAJO,NOMBRE_PRIMERO,NOMBRE_SEGUNDO,SALARIO_BASE_MENSUAL,ID_DIRECCION,ID_ESTADO_CIVIL,ID_GENERO,ID_USUARIO) VALUES (562,null,'García','Riquelme','TX5866','user562@metabit.tech.sv','García562@gmail.com',1,'04-Dec-87',8,'Héctor','Lukas',800,562,503,506,null);;
INSERT INTO EMPLEADOS (ID_EMPLEADO,APELLIDO_CASADA,APELLIDO_MATERNO,APELLIDO_PATERNO,CODIGO,CORREO_INSTITUCIONAL,CORREO_PERSONAL,EMPLEADO_HABILITADO,FECHA_NACIMIENTO,HORAS_TRABAJO,NOMBRE_PRIMERO,NOMBRE_SEGUNDO,SALARIO_BASE_MENSUAL,ID_DIRECCION,ID_ESTADO_CIVIL,ID_GENERO,ID_USUARIO) VALUES (563,null,'Vargas','Torres','NL8463','user563@metabit.tech.sv','Vargas563@gmail.com',1,'26-Feb-00',8,'Benyamin','Jahir',800,563,502,505,null);;
INSERT INTO EMPLEADOS (ID_EMPLEADO,APELLIDO_CASADA,APELLIDO_MATERNO,APELLIDO_PATERNO,CODIGO,CORREO_INSTITUCIONAL,CORREO_PERSONAL,EMPLEADO_HABILITADO,FECHA_NACIMIENTO,HORAS_TRABAJO,NOMBRE_PRIMERO,NOMBRE_SEGUNDO,SALARIO_BASE_MENSUAL,ID_DIRECCION,ID_ESTADO_CIVIL,ID_GENERO,ID_USUARIO) VALUES (564,null,'Salinas','Aravena','OT0775','user564@metabit.tech.sv','Salinas564@gmail.com',1,'22-May-95',8,'Carlos','Davor',800,564,500,500,null);;
INSERT INTO EMPLEADOS (ID_EMPLEADO,APELLIDO_CASADA,APELLIDO_MATERNO,APELLIDO_PATERNO,CODIGO,CORREO_INSTITUCIONAL,CORREO_PERSONAL,EMPLEADO_HABILITADO,FECHA_NACIMIENTO,HORAS_TRABAJO,NOMBRE_PRIMERO,NOMBRE_SEGUNDO,SALARIO_BASE_MENSUAL,ID_DIRECCION,ID_ESTADO_CIVIL,ID_GENERO,ID_USUARIO) VALUES (565,null,'Ortega','Vidal','MI1939','user565@metabit.tech.sv','Ortega565@gmail.com',1,'01-Nov-90',8,'Facundo','Anyelo',800,565,501,509,null);;
INSERT INTO EMPLEADOS (ID_EMPLEADO,APELLIDO_CASADA,APELLIDO_MATERNO,APELLIDO_PATERNO,CODIGO,CORREO_INSTITUCIONAL,CORREO_PERSONAL,EMPLEADO_HABILITADO,FECHA_NACIMIENTO,HORAS_TRABAJO,NOMBRE_PRIMERO,NOMBRE_SEGUNDO,SALARIO_BASE_MENSUAL,ID_DIRECCION,ID_ESTADO_CIVIL,ID_GENERO,ID_USUARIO) VALUES (566,null,'Saavedra','Henríquez','GT3449','user566@metabit.tech.sv','Saavedra566@gmail.com',1,'14-Sep-99',8,'Richard','Renato',800,566,504,503,null);;
INSERT INTO EMPLEADOS (ID_EMPLEADO,APELLIDO_CASADA,APELLIDO_MATERNO,APELLIDO_PATERNO,CODIGO,CORREO_INSTITUCIONAL,CORREO_PERSONAL,EMPLEADO_HABILITADO,FECHA_NACIMIENTO,HORAS_TRABAJO,NOMBRE_PRIMERO,NOMBRE_SEGUNDO,SALARIO_BASE_MENSUAL,ID_DIRECCION,ID_ESTADO_CIVIL,ID_GENERO,ID_USUARIO) VALUES (567,null,'Aguilera','Tapia','VP3331','user567@metabit.tech.sv','Aguilera567@gmail.com',1,'07-Feb-86',8,'Iván','Fabiano',800,567,504,503,null);;
INSERT INTO EMPLEADOS (ID_EMPLEADO,APELLIDO_CASADA,APELLIDO_MATERNO,APELLIDO_PATERNO,CODIGO,CORREO_INSTITUCIONAL,CORREO_PERSONAL,EMPLEADO_HABILITADO,FECHA_NACIMIENTO,HORAS_TRABAJO,NOMBRE_PRIMERO,NOMBRE_SEGUNDO,SALARIO_BASE_MENSUAL,ID_DIRECCION,ID_ESTADO_CIVIL,ID_GENERO,ID_USUARIO) VALUES (568,null,'Torres','Poblete','KA1961','user568@metabit.tech.sv','Torres568@gmail.com',1,'27-Jun-89',8,'Pau','Flavio',800,568,501,501,null);;
INSERT INTO EMPLEADOS (ID_EMPLEADO,APELLIDO_CASADA,APELLIDO_MATERNO,APELLIDO_PATERNO,CODIGO,CORREO_INSTITUCIONAL,CORREO_PERSONAL,EMPLEADO_HABILITADO,FECHA_NACIMIENTO,HORAS_TRABAJO,NOMBRE_PRIMERO,NOMBRE_SEGUNDO,SALARIO_BASE_MENSUAL,ID_DIRECCION,ID_ESTADO_CIVIL,ID_GENERO,ID_USUARIO) VALUES (569,null,'Palma','Sáez','GH7852','user569@metabit.tech.sv','Palma569@gmail.com',1,'26-Oct-91',8,'Javier','Maycol',800,569,503,504,null);;
INSERT INTO EMPLEADOS (ID_EMPLEADO,APELLIDO_CASADA,APELLIDO_MATERNO,APELLIDO_PATERNO,CODIGO,CORREO_INSTITUCIONAL,CORREO_PERSONAL,EMPLEADO_HABILITADO,FECHA_NACIMIENTO,HORAS_TRABAJO,NOMBRE_PRIMERO,NOMBRE_SEGUNDO,SALARIO_BASE_MENSUAL,ID_DIRECCION,ID_ESTADO_CIVIL,ID_GENERO,ID_USUARIO) VALUES (570,null,'García','Toro','YV3349','user570@metabit.tech.sv','García570@gmail.com',1,'09-Aug-93',8,'Josías','Antony',800,570,501,506,511);; -- Jefe de Unidad
INSERT INTO EMPLEADOS (ID_EMPLEADO,APELLIDO_CASADA,APELLIDO_MATERNO,APELLIDO_PATERNO,CODIGO,CORREO_INSTITUCIONAL,CORREO_PERSONAL,EMPLEADO_HABILITADO,FECHA_NACIMIENTO,HORAS_TRABAJO,NOMBRE_PRIMERO,NOMBRE_SEGUNDO,SALARIO_BASE_MENSUAL,ID_DIRECCION,ID_ESTADO_CIVIL,ID_GENERO,ID_USUARIO) VALUES (571,null,'Silva','Toro','NR5301','user571@metabit.tech.sv','Silva571@gmail.com',1,'26-Mar-91',8,'Pierre','Giancarlos',800,571,504,501,null);;
INSERT INTO EMPLEADOS (ID_EMPLEADO,APELLIDO_CASADA,APELLIDO_MATERNO,APELLIDO_PATERNO,CODIGO,CORREO_INSTITUCIONAL,CORREO_PERSONAL,EMPLEADO_HABILITADO,FECHA_NACIMIENTO,HORAS_TRABAJO,NOMBRE_PRIMERO,NOMBRE_SEGUNDO,SALARIO_BASE_MENSUAL,ID_DIRECCION,ID_ESTADO_CIVIL,ID_GENERO,ID_USUARIO) VALUES (572,null,'Fernández','Tapia','EX0037','user572@metabit.tech.sv','Fernández572@gmail.com',1,'16-May-81',8,'Jostin','Dariel',800,572,502,503,null);;
INSERT INTO EMPLEADOS (ID_EMPLEADO,APELLIDO_CASADA,APELLIDO_MATERNO,APELLIDO_PATERNO,CODIGO,CORREO_INSTITUCIONAL,CORREO_PERSONAL,EMPLEADO_HABILITADO,FECHA_NACIMIENTO,HORAS_TRABAJO,NOMBRE_PRIMERO,NOMBRE_SEGUNDO,SALARIO_BASE_MENSUAL,ID_DIRECCION,ID_ESTADO_CIVIL,ID_GENERO,ID_USUARIO) VALUES (573,null,'Valdés','Aravena','HD2560','user573@metabit.tech.sv','Valdés573@gmail.com',1,'19-Sep-91',8,'Mikel','Ariel',800,573,500,503,null);;
INSERT INTO EMPLEADOS (ID_EMPLEADO,APELLIDO_CASADA,APELLIDO_MATERNO,APELLIDO_PATERNO,CODIGO,CORREO_INSTITUCIONAL,CORREO_PERSONAL,EMPLEADO_HABILITADO,FECHA_NACIMIENTO,HORAS_TRABAJO,NOMBRE_PRIMERO,NOMBRE_SEGUNDO,SALARIO_BASE_MENSUAL,ID_DIRECCION,ID_ESTADO_CIVIL,ID_GENERO,ID_USUARIO) VALUES (574,null,'Navarro','Rivera','KJ3712','user574@metabit.tech.sv','Navarro574@gmail.com',1,'22-Aug-85',8,'Antwan','Edinson',800,574,502,500,null);;
INSERT INTO EMPLEADOS (ID_EMPLEADO,APELLIDO_CASADA,APELLIDO_MATERNO,APELLIDO_PATERNO,CODIGO,CORREO_INSTITUCIONAL,CORREO_PERSONAL,EMPLEADO_HABILITADO,FECHA_NACIMIENTO,HORAS_TRABAJO,NOMBRE_PRIMERO,NOMBRE_SEGUNDO,SALARIO_BASE_MENSUAL,ID_DIRECCION,ID_ESTADO_CIVIL,ID_GENERO,ID_USUARIO) VALUES (575,null,'García','Vera','VT1212','user575@metabit.tech.sv','García575@gmail.com',1,'01-May-88',8,'León','Felipe',800,575,501,508,null);;
INSERT INTO EMPLEADOS (ID_EMPLEADO,APELLIDO_CASADA,APELLIDO_MATERNO,APELLIDO_PATERNO,CODIGO,CORREO_INSTITUCIONAL,CORREO_PERSONAL,EMPLEADO_HABILITADO,FECHA_NACIMIENTO,HORAS_TRABAJO,NOMBRE_PRIMERO,NOMBRE_SEGUNDO,SALARIO_BASE_MENSUAL,ID_DIRECCION,ID_ESTADO_CIVIL,ID_GENERO,ID_USUARIO) VALUES (576,null,'Pino','Castro','ZV6521','user576@metabit.tech.sv','Pino576@gmail.com',1,'18-Aug-88',8,'César','Eddie',800,576,503,504,null);;
INSERT INTO EMPLEADOS (ID_EMPLEADO,APELLIDO_CASADA,APELLIDO_MATERNO,APELLIDO_PATERNO,CODIGO,CORREO_INSTITUCIONAL,CORREO_PERSONAL,EMPLEADO_HABILITADO,FECHA_NACIMIENTO,HORAS_TRABAJO,NOMBRE_PRIMERO,NOMBRE_SEGUNDO,SALARIO_BASE_MENSUAL,ID_DIRECCION,ID_ESTADO_CIVIL,ID_GENERO,ID_USUARIO) VALUES (577,null,'Bravo','Cáceres','TC5354','user577@metabit.tech.sv','Bravo577@gmail.com',1,'14-Jun-92',8,'Armin','Walter',800,577,501,501,null);;
INSERT INTO EMPLEADOS (ID_EMPLEADO,APELLIDO_CASADA,APELLIDO_MATERNO,APELLIDO_PATERNO,CODIGO,CORREO_INSTITUCIONAL,CORREO_PERSONAL,EMPLEADO_HABILITADO,FECHA_NACIMIENTO,HORAS_TRABAJO,NOMBRE_PRIMERO,NOMBRE_SEGUNDO,SALARIO_BASE_MENSUAL,ID_DIRECCION,ID_ESTADO_CIVIL,ID_GENERO,ID_USUARIO) VALUES (578,null,'Araya','Yáñez','DT4806','user578@metabit.tech.sv','Araya578@gmail.com',1,'17-Mar-00',8,'Leo','Jonas',800,578,504,507,null);;
INSERT INTO EMPLEADOS (ID_EMPLEADO,APELLIDO_CASADA,APELLIDO_MATERNO,APELLIDO_PATERNO,CODIGO,CORREO_INSTITUCIONAL,CORREO_PERSONAL,EMPLEADO_HABILITADO,FECHA_NACIMIENTO,HORAS_TRABAJO,NOMBRE_PRIMERO,NOMBRE_SEGUNDO,SALARIO_BASE_MENSUAL,ID_DIRECCION,ID_ESTADO_CIVIL,ID_GENERO,ID_USUARIO) VALUES (579,null,'Zúñiga','Guerrero','JW7953','user579@metabit.tech.sv','Zúñiga579@gmail.com',1,'14-Jan-87',8,'Basthian','Davor',800,579,503,508,null);;
INSERT INTO EMPLEADOS (ID_EMPLEADO,APELLIDO_CASADA,APELLIDO_MATERNO,APELLIDO_PATERNO,CODIGO,CORREO_INSTITUCIONAL,CORREO_PERSONAL,EMPLEADO_HABILITADO,FECHA_NACIMIENTO,HORAS_TRABAJO,NOMBRE_PRIMERO,NOMBRE_SEGUNDO,SALARIO_BASE_MENSUAL,ID_DIRECCION,ID_ESTADO_CIVIL,ID_GENERO,ID_USUARIO) VALUES (580,null,'Miranda','Torres','SF0999','user580@metabit.tech.sv','Miranda580@gmail.com',1,'22-Mar-81',8,'Caleb','Roman',800,580,503,509,512);; -- Jefe de Unidad
INSERT INTO EMPLEADOS (ID_EMPLEADO,APELLIDO_CASADA,APELLIDO_MATERNO,APELLIDO_PATERNO,CODIGO,CORREO_INSTITUCIONAL,CORREO_PERSONAL,EMPLEADO_HABILITADO,FECHA_NACIMIENTO,HORAS_TRABAJO,NOMBRE_PRIMERO,NOMBRE_SEGUNDO,SALARIO_BASE_MENSUAL,ID_DIRECCION,ID_ESTADO_CIVIL,ID_GENERO,ID_USUARIO) VALUES (581,null,'Romero','Silva','KZ6039','user581@metabit.tech.sv','Romero581@gmail.com',1,'28-Jan-87',8,'Anyelo','Yerald',800,581,501,506,null);;
INSERT INTO EMPLEADOS (ID_EMPLEADO,APELLIDO_CASADA,APELLIDO_MATERNO,APELLIDO_PATERNO,CODIGO,CORREO_INSTITUCIONAL,CORREO_PERSONAL,EMPLEADO_HABILITADO,FECHA_NACIMIENTO,HORAS_TRABAJO,NOMBRE_PRIMERO,NOMBRE_SEGUNDO,SALARIO_BASE_MENSUAL,ID_DIRECCION,ID_ESTADO_CIVIL,ID_GENERO,ID_USUARIO) VALUES (582,null,'Morales','Bustos','EV4551','user582@metabit.tech.sv','Morales582@gmail.com',1,'14-Jul-85',8,'Bastián','Austin',800,582,500,500,null);;
INSERT INTO EMPLEADOS (ID_EMPLEADO,APELLIDO_CASADA,APELLIDO_MATERNO,APELLIDO_PATERNO,CODIGO,CORREO_INSTITUCIONAL,CORREO_PERSONAL,EMPLEADO_HABILITADO,FECHA_NACIMIENTO,HORAS_TRABAJO,NOMBRE_PRIMERO,NOMBRE_SEGUNDO,SALARIO_BASE_MENSUAL,ID_DIRECCION,ID_ESTADO_CIVIL,ID_GENERO,ID_USUARIO) VALUES (583,null,'Donoso','Leiva','SN4358','user583@metabit.tech.sv','Donoso583@gmail.com',1,'30-Mar-86',8,'Nahim','Ricardo',800,583,503,500,null);;
INSERT INTO EMPLEADOS (ID_EMPLEADO,APELLIDO_CASADA,APELLIDO_MATERNO,APELLIDO_PATERNO,CODIGO,CORREO_INSTITUCIONAL,CORREO_PERSONAL,EMPLEADO_HABILITADO,FECHA_NACIMIENTO,HORAS_TRABAJO,NOMBRE_PRIMERO,NOMBRE_SEGUNDO,SALARIO_BASE_MENSUAL,ID_DIRECCION,ID_ESTADO_CIVIL,ID_GENERO,ID_USUARIO) VALUES (584,null,'Bravo','Valdés','KJ4329','user584@metabit.tech.sv','Bravo584@gmail.com',1,'20-Dec-93',8,'Elián','Edison',800,584,502,500,null);;
INSERT INTO EMPLEADOS (ID_EMPLEADO,APELLIDO_CASADA,APELLIDO_MATERNO,APELLIDO_PATERNO,CODIGO,CORREO_INSTITUCIONAL,CORREO_PERSONAL,EMPLEADO_HABILITADO,FECHA_NACIMIENTO,HORAS_TRABAJO,NOMBRE_PRIMERO,NOMBRE_SEGUNDO,SALARIO_BASE_MENSUAL,ID_DIRECCION,ID_ESTADO_CIVIL,ID_GENERO,ID_USUARIO) VALUES (585,null,'Alvarado','Soto','GQ5713','user585@metabit.tech.sv','Alvarado585@gmail.com',1,'03-Oct-80',8,'Yeremy','Jonathan',800,585,503,505,null);;
INSERT INTO EMPLEADOS (ID_EMPLEADO,APELLIDO_CASADA,APELLIDO_MATERNO,APELLIDO_PATERNO,CODIGO,CORREO_INSTITUCIONAL,CORREO_PERSONAL,EMPLEADO_HABILITADO,FECHA_NACIMIENTO,HORAS_TRABAJO,NOMBRE_PRIMERO,NOMBRE_SEGUNDO,SALARIO_BASE_MENSUAL,ID_DIRECCION,ID_ESTADO_CIVIL,ID_GENERO,ID_USUARIO) VALUES (586,null,'Ramírez','Contreras','VF1566','user586@metabit.tech.sv','Ramírez586@gmail.com',1,'12-Jan-97',8,'Marcel','Dante',800,586,502,507,null);;
INSERT INTO EMPLEADOS (ID_EMPLEADO,APELLIDO_CASADA,APELLIDO_MATERNO,APELLIDO_PATERNO,CODIGO,CORREO_INSTITUCIONAL,CORREO_PERSONAL,EMPLEADO_HABILITADO,FECHA_NACIMIENTO,HORAS_TRABAJO,NOMBRE_PRIMERO,NOMBRE_SEGUNDO,SALARIO_BASE_MENSUAL,ID_DIRECCION,ID_ESTADO_CIVIL,ID_GENERO,ID_USUARIO) VALUES (587,null,'Valenzuela','Godoy','VS2692','user587@metabit.tech.sv','Valenzuela587@gmail.com',1,'02-Jun-91',8,'Mark','Benito',800,587,504,507,null);;
INSERT INTO EMPLEADOS (ID_EMPLEADO,APELLIDO_CASADA,APELLIDO_MATERNO,APELLIDO_PATERNO,CODIGO,CORREO_INSTITUCIONAL,CORREO_PERSONAL,EMPLEADO_HABILITADO,FECHA_NACIMIENTO,HORAS_TRABAJO,NOMBRE_PRIMERO,NOMBRE_SEGUNDO,SALARIO_BASE_MENSUAL,ID_DIRECCION,ID_ESTADO_CIVIL,ID_GENERO,ID_USUARIO) VALUES (588,null,'Sepúlveda','Vera','SJ7695','user588@metabit.tech.sv','Sepúlveda588@gmail.com',1,'22-Jan-82',8,'Luckas','Kristopher',800,588,503,509,null);;
INSERT INTO EMPLEADOS (ID_EMPLEADO,APELLIDO_CASADA,APELLIDO_MATERNO,APELLIDO_PATERNO,CODIGO,CORREO_INSTITUCIONAL,CORREO_PERSONAL,EMPLEADO_HABILITADO,FECHA_NACIMIENTO,HORAS_TRABAJO,NOMBRE_PRIMERO,NOMBRE_SEGUNDO,SALARIO_BASE_MENSUAL,ID_DIRECCION,ID_ESTADO_CIVIL,ID_GENERO,ID_USUARIO) VALUES (589,null,'Toro','Aguilera','AM5258','user589@metabit.tech.sv','Toro589@gmail.com',1,'10-Dec-84',8,'Edinson','Josué',800,589,503,508,null);;

INSERT INTO EMPLEADOS (ID_EMPLEADO,APELLIDO_CASADA,APELLIDO_MATERNO,APELLIDO_PATERNO,CODIGO,CORREO_INSTITUCIONAL,CORREO_PERSONAL,EMPLEADO_HABILITADO,FECHA_NACIMIENTO,HORAS_TRABAJO,NOMBRE_PRIMERO,NOMBRE_SEGUNDO,SALARIO_BASE_MENSUAL,ID_DIRECCION,ID_ESTADO_CIVIL,ID_GENERO,ID_USUARIO) VALUES (590,'Navarrete','Cárdenas','Hernández','YR2134','user590@metabit.tech.sv','Cárdenas590@gmail.com',1,'15-Nov-90',8,'Anabella','Jendelyn',800,560,503,502,513);; -- Jefe de Unidad
INSERT INTO EMPLEADOS (ID_EMPLEADO,APELLIDO_CASADA,APELLIDO_MATERNO,APELLIDO_PATERNO,CODIGO,CORREO_INSTITUCIONAL,CORREO_PERSONAL,EMPLEADO_HABILITADO,FECHA_NACIMIENTO,HORAS_TRABAJO,NOMBRE_PRIMERO,NOMBRE_SEGUNDO,SALARIO_BASE_MENSUAL,ID_DIRECCION,ID_ESTADO_CIVIL,ID_GENERO,ID_USUARIO) VALUES (591,'Olivares','Ruiz','Cárdenas','NM9906','user591@metabit.tech.sv','Ruiz591@gmail.com',1,'18-Feb-87',8,'Rubí','Lucía',800,561,503,502,null);;
INSERT INTO EMPLEADOS (ID_EMPLEADO,APELLIDO_CASADA,APELLIDO_MATERNO,APELLIDO_PATERNO,CODIGO,CORREO_INSTITUCIONAL,CORREO_PERSONAL,EMPLEADO_HABILITADO,FECHA_NACIMIENTO,HORAS_TRABAJO,NOMBRE_PRIMERO,NOMBRE_SEGUNDO,SALARIO_BASE_MENSUAL,ID_DIRECCION,ID_ESTADO_CIVIL,ID_GENERO,ID_USUARIO) VALUES (592,'Bustos','Campos','Vergara','DT0427','user592@metabit.tech.sv','Campos592@gmail.com',1,'11-Aug-86',8,'Milena','Caroline',800,562,500,505,null);;
INSERT INTO EMPLEADOS (ID_EMPLEADO,APELLIDO_CASADA,APELLIDO_MATERNO,APELLIDO_PATERNO,CODIGO,CORREO_INSTITUCIONAL,CORREO_PERSONAL,EMPLEADO_HABILITADO,FECHA_NACIMIENTO,HORAS_TRABAJO,NOMBRE_PRIMERO,NOMBRE_SEGUNDO,SALARIO_BASE_MENSUAL,ID_DIRECCION,ID_ESTADO_CIVIL,ID_GENERO,ID_USUARIO) VALUES (593,'Poblete','Muñoz','Yáñez','NN0780','user593@metabit.tech.sv','Muñoz593@gmail.com',1,'20-Sep-85',8,'Celeste','Nadia',800,563,503,505,null);;
INSERT INTO EMPLEADOS (ID_EMPLEADO,APELLIDO_CASADA,APELLIDO_MATERNO,APELLIDO_PATERNO,CODIGO,CORREO_INSTITUCIONAL,CORREO_PERSONAL,EMPLEADO_HABILITADO,FECHA_NACIMIENTO,HORAS_TRABAJO,NOMBRE_PRIMERO,NOMBRE_SEGUNDO,SALARIO_BASE_MENSUAL,ID_DIRECCION,ID_ESTADO_CIVIL,ID_GENERO,ID_USUARIO) VALUES (594,'Torres','Miranda','Navarro','FJ0847','user594@metabit.tech.sv','Miranda594@gmail.com',1,'25-Nov-90',8,'Clarita','Mia',800,564,504,506,null);;
INSERT INTO EMPLEADOS (ID_EMPLEADO,APELLIDO_CASADA,APELLIDO_MATERNO,APELLIDO_PATERNO,CODIGO,CORREO_INSTITUCIONAL,CORREO_PERSONAL,EMPLEADO_HABILITADO,FECHA_NACIMIENTO,HORAS_TRABAJO,NOMBRE_PRIMERO,NOMBRE_SEGUNDO,SALARIO_BASE_MENSUAL,ID_DIRECCION,ID_ESTADO_CIVIL,ID_GENERO,ID_USUARIO) VALUES (595,'Campos','Aravena','González','OL2818','user595@metabit.tech.sv','Aravena595@gmail.com',1,'22-Oct-86',8,'Thiara','Berenice',800,565,502,506,null);;
INSERT INTO EMPLEADOS (ID_EMPLEADO,APELLIDO_CASADA,APELLIDO_MATERNO,APELLIDO_PATERNO,CODIGO,CORREO_INSTITUCIONAL,CORREO_PERSONAL,EMPLEADO_HABILITADO,FECHA_NACIMIENTO,HORAS_TRABAJO,NOMBRE_PRIMERO,NOMBRE_SEGUNDO,SALARIO_BASE_MENSUAL,ID_DIRECCION,ID_ESTADO_CIVIL,ID_GENERO,ID_USUARIO) VALUES (596,'López','Alarcón','Tapia','NP4738','user596@metabit.tech.sv','Alarcón596@gmail.com',1,'25-May-85',8,'Rafaella','Saray',800,566,501,509,null);;
INSERT INTO EMPLEADOS (ID_EMPLEADO,APELLIDO_CASADA,APELLIDO_MATERNO,APELLIDO_PATERNO,CODIGO,CORREO_INSTITUCIONAL,CORREO_PERSONAL,EMPLEADO_HABILITADO,FECHA_NACIMIENTO,HORAS_TRABAJO,NOMBRE_PRIMERO,NOMBRE_SEGUNDO,SALARIO_BASE_MENSUAL,ID_DIRECCION,ID_ESTADO_CIVIL,ID_GENERO,ID_USUARIO) VALUES (597,'Orellana','Medina','Maldonado','DD2447','user597@metabit.tech.sv','Medina597@gmail.com',1,'02-Apr-88',8,'Laura','Ninoska',800,567,503,505,null);;
INSERT INTO EMPLEADOS (ID_EMPLEADO,APELLIDO_CASADA,APELLIDO_MATERNO,APELLIDO_PATERNO,CODIGO,CORREO_INSTITUCIONAL,CORREO_PERSONAL,EMPLEADO_HABILITADO,FECHA_NACIMIENTO,HORAS_TRABAJO,NOMBRE_PRIMERO,NOMBRE_SEGUNDO,SALARIO_BASE_MENSUAL,ID_DIRECCION,ID_ESTADO_CIVIL,ID_GENERO,ID_USUARIO) VALUES (598,'Gallardo','Núñez','Hernández','UE3140','user598@metabit.tech.sv','Núñez598@gmail.com',1,'14-Aug-96',8,'Denisse','Evolet',800,568,501,508,null);;
INSERT INTO EMPLEADOS (ID_EMPLEADO,APELLIDO_CASADA,APELLIDO_MATERNO,APELLIDO_PATERNO,CODIGO,CORREO_INSTITUCIONAL,CORREO_PERSONAL,EMPLEADO_HABILITADO,FECHA_NACIMIENTO,HORAS_TRABAJO,NOMBRE_PRIMERO,NOMBRE_SEGUNDO,SALARIO_BASE_MENSUAL,ID_DIRECCION,ID_ESTADO_CIVIL,ID_GENERO,ID_USUARIO) VALUES (599,'Valenzuela','Sandoval','Yáñez','YA6929','user599@metabit.tech.sv','Sandoval599@gmail.com',1,'14-Mar-94',8,'Cathalina','Nayara',800,569,504,501,null);;
INSERT INTO EMPLEADOS (ID_EMPLEADO,APELLIDO_CASADA,APELLIDO_MATERNO,APELLIDO_PATERNO,CODIGO,CORREO_INSTITUCIONAL,CORREO_PERSONAL,EMPLEADO_HABILITADO,FECHA_NACIMIENTO,HORAS_TRABAJO,NOMBRE_PRIMERO,NOMBRE_SEGUNDO,SALARIO_BASE_MENSUAL,ID_DIRECCION,ID_ESTADO_CIVIL,ID_GENERO,ID_USUARIO) VALUES (600,'Ramírez','Carvajal','Salazar','OV3670','user600@metabit.tech.sv','Carvajal600@gmail.com',1,'09-Sep-87',8,'Natalie','Manuela',800,570,504,502,514);; -- Jefe de Unidad
INSERT INTO EMPLEADOS (ID_EMPLEADO,APELLIDO_CASADA,APELLIDO_MATERNO,APELLIDO_PATERNO,CODIGO,CORREO_INSTITUCIONAL,CORREO_PERSONAL,EMPLEADO_HABILITADO,FECHA_NACIMIENTO,HORAS_TRABAJO,NOMBRE_PRIMERO,NOMBRE_SEGUNDO,SALARIO_BASE_MENSUAL,ID_DIRECCION,ID_ESTADO_CIVIL,ID_GENERO,ID_USUARIO) VALUES (601,'Sáez','Cortés','Miranda','UB6540','user601@metabit.tech.sv','Cortés601@gmail.com',1,'12-Feb-99',8,'Nayeli','Vanessa',800,571,504,507,null);;
INSERT INTO EMPLEADOS (ID_EMPLEADO,APELLIDO_CASADA,APELLIDO_MATERNO,APELLIDO_PATERNO,CODIGO,CORREO_INSTITUCIONAL,CORREO_PERSONAL,EMPLEADO_HABILITADO,FECHA_NACIMIENTO,HORAS_TRABAJO,NOMBRE_PRIMERO,NOMBRE_SEGUNDO,SALARIO_BASE_MENSUAL,ID_DIRECCION,ID_ESTADO_CIVIL,ID_GENERO,ID_USUARIO) VALUES (602,'Aravena','Escobar','Fuentes','RK7218','user602@metabit.tech.sv','Escobar602@gmail.com',1,'07-Jan-99',8,'Aymara','Rachel',800,572,504,504,null);;
INSERT INTO EMPLEADOS (ID_EMPLEADO,APELLIDO_CASADA,APELLIDO_MATERNO,APELLIDO_PATERNO,CODIGO,CORREO_INSTITUCIONAL,CORREO_PERSONAL,EMPLEADO_HABILITADO,FECHA_NACIMIENTO,HORAS_TRABAJO,NOMBRE_PRIMERO,NOMBRE_SEGUNDO,SALARIO_BASE_MENSUAL,ID_DIRECCION,ID_ESTADO_CIVIL,ID_GENERO,ID_USUARIO) VALUES (603,'Reyes','Farías','Contreras','UQ1900','user603@metabit.tech.sv','Farías603@gmail.com',1,'23-Apr-83',8,'Katrina','Samara',800,573,504,508,null);;
INSERT INTO EMPLEADOS (ID_EMPLEADO,APELLIDO_CASADA,APELLIDO_MATERNO,APELLIDO_PATERNO,CODIGO,CORREO_INSTITUCIONAL,CORREO_PERSONAL,EMPLEADO_HABILITADO,FECHA_NACIMIENTO,HORAS_TRABAJO,NOMBRE_PRIMERO,NOMBRE_SEGUNDO,SALARIO_BASE_MENSUAL,ID_DIRECCION,ID_ESTADO_CIVIL,ID_GENERO,ID_USUARIO) VALUES (604,'Castillo','Salazar','Soto','VC8227','user604@metabit.tech.sv','Salazar604@gmail.com',1,'07-Feb-94',8,'Anahí','Yanella',800,574,503,502,null);;
INSERT INTO EMPLEADOS (ID_EMPLEADO,APELLIDO_CASADA,APELLIDO_MATERNO,APELLIDO_PATERNO,CODIGO,CORREO_INSTITUCIONAL,CORREO_PERSONAL,EMPLEADO_HABILITADO,FECHA_NACIMIENTO,HORAS_TRABAJO,NOMBRE_PRIMERO,NOMBRE_SEGUNDO,SALARIO_BASE_MENSUAL,ID_DIRECCION,ID_ESTADO_CIVIL,ID_GENERO,ID_USUARIO) VALUES (605,'Guerrero','Hernández','Ortiz','NS2525','user605@metabit.tech.sv','Hernández605@gmail.com',1,'15-Feb-91',8,'Issidora','Darling',800,575,501,507,null);;
INSERT INTO EMPLEADOS (ID_EMPLEADO,APELLIDO_CASADA,APELLIDO_MATERNO,APELLIDO_PATERNO,CODIGO,CORREO_INSTITUCIONAL,CORREO_PERSONAL,EMPLEADO_HABILITADO,FECHA_NACIMIENTO,HORAS_TRABAJO,NOMBRE_PRIMERO,NOMBRE_SEGUNDO,SALARIO_BASE_MENSUAL,ID_DIRECCION,ID_ESTADO_CIVIL,ID_GENERO,ID_USUARIO) VALUES (606,'Pizarro','Molina','Molina','FH2202','user606@metabit.tech.sv','Molina606@gmail.com',1,'03-Aug-94',8,'Estefania','Madeleine',800,576,503,500,null);;
INSERT INTO EMPLEADOS (ID_EMPLEADO,APELLIDO_CASADA,APELLIDO_MATERNO,APELLIDO_PATERNO,CODIGO,CORREO_INSTITUCIONAL,CORREO_PERSONAL,EMPLEADO_HABILITADO,FECHA_NACIMIENTO,HORAS_TRABAJO,NOMBRE_PRIMERO,NOMBRE_SEGUNDO,SALARIO_BASE_MENSUAL,ID_DIRECCION,ID_ESTADO_CIVIL,ID_GENERO,ID_USUARIO) VALUES (607,'Vargas','Sandoval','Parra','VP4677','user607@metabit.tech.sv','Sandoval607@gmail.com',1,'24-Jan-90',8,'Andrea','Lorena',800,577,500,506,null);;
INSERT INTO EMPLEADOS (ID_EMPLEADO,APELLIDO_CASADA,APELLIDO_MATERNO,APELLIDO_PATERNO,CODIGO,CORREO_INSTITUCIONAL,CORREO_PERSONAL,EMPLEADO_HABILITADO,FECHA_NACIMIENTO,HORAS_TRABAJO,NOMBRE_PRIMERO,NOMBRE_SEGUNDO,SALARIO_BASE_MENSUAL,ID_DIRECCION,ID_ESTADO_CIVIL,ID_GENERO,ID_USUARIO) VALUES (608,'Escobar','Soto','Reyes','SU7537','user608@metabit.tech.sv','Soto608@gmail.com',1,'25-Apr-85',8,'Aracelli','Leyla',800,578,503,500,null);;
INSERT INTO EMPLEADOS (ID_EMPLEADO,APELLIDO_CASADA,APELLIDO_MATERNO,APELLIDO_PATERNO,CODIGO,CORREO_INSTITUCIONAL,CORREO_PERSONAL,EMPLEADO_HABILITADO,FECHA_NACIMIENTO,HORAS_TRABAJO,NOMBRE_PRIMERO,NOMBRE_SEGUNDO,SALARIO_BASE_MENSUAL,ID_DIRECCION,ID_ESTADO_CIVIL,ID_GENERO,ID_USUARIO) VALUES (609,'Salazar','Vidal','Muñoz','AI1087','user609@metabit.tech.sv','Vidal609@gmail.com',1,'19-Feb-83',8,'Isidora','Katherina',800,579,503,508,null);;
INSERT INTO EMPLEADOS (ID_EMPLEADO,APELLIDO_CASADA,APELLIDO_MATERNO,APELLIDO_PATERNO,CODIGO,CORREO_INSTITUCIONAL,CORREO_PERSONAL,EMPLEADO_HABILITADO,FECHA_NACIMIENTO,HORAS_TRABAJO,NOMBRE_PRIMERO,NOMBRE_SEGUNDO,SALARIO_BASE_MENSUAL,ID_DIRECCION,ID_ESTADO_CIVIL,ID_GENERO,ID_USUARIO) VALUES (610,'Soto','Farías','Ortiz','DP0818','user610@metabit.tech.sv','Farías610@gmail.com',1,'08-Oct-98',8,'Matilde','Gisselle',800,580,501,502,515);; -- Jefe de Unidad
INSERT INTO EMPLEADOS (ID_EMPLEADO,APELLIDO_CASADA,APELLIDO_MATERNO,APELLIDO_PATERNO,CODIGO,CORREO_INSTITUCIONAL,CORREO_PERSONAL,EMPLEADO_HABILITADO,FECHA_NACIMIENTO,HORAS_TRABAJO,NOMBRE_PRIMERO,NOMBRE_SEGUNDO,SALARIO_BASE_MENSUAL,ID_DIRECCION,ID_ESTADO_CIVIL,ID_GENERO,ID_USUARIO) VALUES (611,'Ramírez','Álvarez','Gallardo','FT0065','user611@metabit.tech.sv','Álvarez611@gmail.com',1,'18-May-87',8,'Ana','Raffaella',800,581,502,504,null);;
INSERT INTO EMPLEADOS (ID_EMPLEADO,APELLIDO_CASADA,APELLIDO_MATERNO,APELLIDO_PATERNO,CODIGO,CORREO_INSTITUCIONAL,CORREO_PERSONAL,EMPLEADO_HABILITADO,FECHA_NACIMIENTO,HORAS_TRABAJO,NOMBRE_PRIMERO,NOMBRE_SEGUNDO,SALARIO_BASE_MENSUAL,ID_DIRECCION,ID_ESTADO_CIVIL,ID_GENERO,ID_USUARIO) VALUES (612,'Ruiz','Torres','Peña','YN1941','user612@metabit.tech.sv','Torres612@gmail.com',1,'22-Jan-88',8,'Marcela','Carolina',800,582,504,509,null);;
INSERT INTO EMPLEADOS (ID_EMPLEADO,APELLIDO_CASADA,APELLIDO_MATERNO,APELLIDO_PATERNO,CODIGO,CORREO_INSTITUCIONAL,CORREO_PERSONAL,EMPLEADO_HABILITADO,FECHA_NACIMIENTO,HORAS_TRABAJO,NOMBRE_PRIMERO,NOMBRE_SEGUNDO,SALARIO_BASE_MENSUAL,ID_DIRECCION,ID_ESTADO_CIVIL,ID_GENERO,ID_USUARIO) VALUES (613,'Sepúlveda','Sáez','Venegas','SE5143','user613@metabit.tech.sv','Sáez613@gmail.com',1,'05-Nov-90',8,'Cintia','Yamila',800,583,500,500,null);;
INSERT INTO EMPLEADOS (ID_EMPLEADO,APELLIDO_CASADA,APELLIDO_MATERNO,APELLIDO_PATERNO,CODIGO,CORREO_INSTITUCIONAL,CORREO_PERSONAL,EMPLEADO_HABILITADO,FECHA_NACIMIENTO,HORAS_TRABAJO,NOMBRE_PRIMERO,NOMBRE_SEGUNDO,SALARIO_BASE_MENSUAL,ID_DIRECCION,ID_ESTADO_CIVIL,ID_GENERO,ID_USUARIO) VALUES (614,'Escobar','Escobar','Sandoval','KA5406','user614@metabit.tech.sv','Escobar614@gmail.com',1,'26-Aug-88',8,'Tania','Camila',800,584,504,505,null);;
INSERT INTO EMPLEADOS (ID_EMPLEADO,APELLIDO_CASADA,APELLIDO_MATERNO,APELLIDO_PATERNO,CODIGO,CORREO_INSTITUCIONAL,CORREO_PERSONAL,EMPLEADO_HABILITADO,FECHA_NACIMIENTO,HORAS_TRABAJO,NOMBRE_PRIMERO,NOMBRE_SEGUNDO,SALARIO_BASE_MENSUAL,ID_DIRECCION,ID_ESTADO_CIVIL,ID_GENERO,ID_USUARIO) VALUES (615,'Rodríguez','Carrasco','López','VB8223','user615@metabit.tech.sv','Carrasco615@gmail.com',1,'07-Oct-95',8,'Yasmin','Polet',800,585,503,503,null);;
INSERT INTO EMPLEADOS (ID_EMPLEADO,APELLIDO_CASADA,APELLIDO_MATERNO,APELLIDO_PATERNO,CODIGO,CORREO_INSTITUCIONAL,CORREO_PERSONAL,EMPLEADO_HABILITADO,FECHA_NACIMIENTO,HORAS_TRABAJO,NOMBRE_PRIMERO,NOMBRE_SEGUNDO,SALARIO_BASE_MENSUAL,ID_DIRECCION,ID_ESTADO_CIVIL,ID_GENERO,ID_USUARIO) VALUES (616,'Donoso','Molina','Sanhueza','DK6901','user616@metabit.tech.sv','Molina616@gmail.com',1,'10-Feb-94',8,'Elizabeth','Daniela',800,586,502,503,null);;
INSERT INTO EMPLEADOS (ID_EMPLEADO,APELLIDO_CASADA,APELLIDO_MATERNO,APELLIDO_PATERNO,CODIGO,CORREO_INSTITUCIONAL,CORREO_PERSONAL,EMPLEADO_HABILITADO,FECHA_NACIMIENTO,HORAS_TRABAJO,NOMBRE_PRIMERO,NOMBRE_SEGUNDO,SALARIO_BASE_MENSUAL,ID_DIRECCION,ID_ESTADO_CIVIL,ID_GENERO,ID_USUARIO) VALUES (617,'López','Sandoval','Valenzuela','WI7103','user617@metabit.tech.sv','Sandoval617@gmail.com',1,'02-Dec-97',8,'Guadalupe','Eloísa',800,587,501,505,null);;
INSERT INTO EMPLEADOS (ID_EMPLEADO,APELLIDO_CASADA,APELLIDO_MATERNO,APELLIDO_PATERNO,CODIGO,CORREO_INSTITUCIONAL,CORREO_PERSONAL,EMPLEADO_HABILITADO,FECHA_NACIMIENTO,HORAS_TRABAJO,NOMBRE_PRIMERO,NOMBRE_SEGUNDO,SALARIO_BASE_MENSUAL,ID_DIRECCION,ID_ESTADO_CIVIL,ID_GENERO,ID_USUARIO) VALUES (618,'Vera','Peña','Ramírez','ZS4775','user618@metabit.tech.sv','Peña618@gmail.com',1,'03-Nov-83',8,'Dennis','Fabiana',800,588,503,509,null);;
INSERT INTO EMPLEADOS (ID_EMPLEADO,APELLIDO_CASADA,APELLIDO_MATERNO,APELLIDO_PATERNO,CODIGO,CORREO_INSTITUCIONAL,CORREO_PERSONAL,EMPLEADO_HABILITADO,FECHA_NACIMIENTO,HORAS_TRABAJO,NOMBRE_PRIMERO,NOMBRE_SEGUNDO,SALARIO_BASE_MENSUAL,ID_DIRECCION,ID_ESTADO_CIVIL,ID_GENERO,ID_USUARIO) VALUES (619,'Álvarez','Pérez','Morales','YL5778','user619@metabit.tech.sv','Pérez619@gmail.com',1,'02-Feb-84',8,'Siomara','Amira',800,589,502,507,null);;

/* EMPLEADOS DOCUMENTOS*/

/* DUI */
INSERT INTO EMPLEADOS_DOCUMENTOS (ID_EMPLEADO_DOCUMENTO,CODIGO_DOCUMENTO,ID_EMPLEADO,ID_TIPO_DOCUMENTO) VALUES (500,'69385279-3',500,500);;
INSERT INTO EMPLEADOS_DOCUMENTOS (ID_EMPLEADO_DOCUMENTO,CODIGO_DOCUMENTO,ID_EMPLEADO,ID_TIPO_DOCUMENTO) VALUES (501,'59253583-7',501,500);;
INSERT INTO EMPLEADOS_DOCUMENTOS (ID_EMPLEADO_DOCUMENTO,CODIGO_DOCUMENTO,ID_EMPLEADO,ID_TIPO_DOCUMENTO) VALUES (502,'85200053-6',502,500);;
INSERT INTO EMPLEADOS_DOCUMENTOS (ID_EMPLEADO_DOCUMENTO,CODIGO_DOCUMENTO,ID_EMPLEADO,ID_TIPO_DOCUMENTO) VALUES (503,'81786807-7',503,500);;
INSERT INTO EMPLEADOS_DOCUMENTOS (ID_EMPLEADO_DOCUMENTO,CODIGO_DOCUMENTO,ID_EMPLEADO,ID_TIPO_DOCUMENTO) VALUES (504,'94098224-8',504,500);;
INSERT INTO EMPLEADOS_DOCUMENTOS (ID_EMPLEADO_DOCUMENTO,CODIGO_DOCUMENTO,ID_EMPLEADO,ID_TIPO_DOCUMENTO) VALUES (505,'27361851-3',505,500);;
INSERT INTO EMPLEADOS_DOCUMENTOS (ID_EMPLEADO_DOCUMENTO,CODIGO_DOCUMENTO,ID_EMPLEADO,ID_TIPO_DOCUMENTO) VALUES (506,'41754365-6',506,500);;
INSERT INTO EMPLEADOS_DOCUMENTOS (ID_EMPLEADO_DOCUMENTO,CODIGO_DOCUMENTO,ID_EMPLEADO,ID_TIPO_DOCUMENTO) VALUES (507,'71401498-9',507,500);;
INSERT INTO EMPLEADOS_DOCUMENTOS (ID_EMPLEADO_DOCUMENTO,CODIGO_DOCUMENTO,ID_EMPLEADO,ID_TIPO_DOCUMENTO) VALUES (508,'21609039-1',508,500);;
INSERT INTO EMPLEADOS_DOCUMENTOS (ID_EMPLEADO_DOCUMENTO,CODIGO_DOCUMENTO,ID_EMPLEADO,ID_TIPO_DOCUMENTO) VALUES (509,'67612889-0',509,500);;
INSERT INTO EMPLEADOS_DOCUMENTOS (ID_EMPLEADO_DOCUMENTO,CODIGO_DOCUMENTO,ID_EMPLEADO,ID_TIPO_DOCUMENTO) VALUES (510,'19877559-2',510,500);;
INSERT INTO EMPLEADOS_DOCUMENTOS (ID_EMPLEADO_DOCUMENTO,CODIGO_DOCUMENTO,ID_EMPLEADO,ID_TIPO_DOCUMENTO) VALUES (511,'22293934-0',511,500);;
INSERT INTO EMPLEADOS_DOCUMENTOS (ID_EMPLEADO_DOCUMENTO,CODIGO_DOCUMENTO,ID_EMPLEADO,ID_TIPO_DOCUMENTO) VALUES (512,'44276951-2',512,500);;
INSERT INTO EMPLEADOS_DOCUMENTOS (ID_EMPLEADO_DOCUMENTO,CODIGO_DOCUMENTO,ID_EMPLEADO,ID_TIPO_DOCUMENTO) VALUES (513,'97904775-3',513,500);;
INSERT INTO EMPLEADOS_DOCUMENTOS (ID_EMPLEADO_DOCUMENTO,CODIGO_DOCUMENTO,ID_EMPLEADO,ID_TIPO_DOCUMENTO) VALUES (514,'79453682-1',514,500);;
INSERT INTO EMPLEADOS_DOCUMENTOS (ID_EMPLEADO_DOCUMENTO,CODIGO_DOCUMENTO,ID_EMPLEADO,ID_TIPO_DOCUMENTO) VALUES (515,'40265706-6',515,500);;
INSERT INTO EMPLEADOS_DOCUMENTOS (ID_EMPLEADO_DOCUMENTO,CODIGO_DOCUMENTO,ID_EMPLEADO,ID_TIPO_DOCUMENTO) VALUES (516,'88920766-3',516,500);;
INSERT INTO EMPLEADOS_DOCUMENTOS (ID_EMPLEADO_DOCUMENTO,CODIGO_DOCUMENTO,ID_EMPLEADO,ID_TIPO_DOCUMENTO) VALUES (517,'10409333-4',517,500);;
INSERT INTO EMPLEADOS_DOCUMENTOS (ID_EMPLEADO_DOCUMENTO,CODIGO_DOCUMENTO,ID_EMPLEADO,ID_TIPO_DOCUMENTO) VALUES (518,'59766902-9',518,500);;
INSERT INTO EMPLEADOS_DOCUMENTOS (ID_EMPLEADO_DOCUMENTO,CODIGO_DOCUMENTO,ID_EMPLEADO,ID_TIPO_DOCUMENTO) VALUES (519,'08006262-1',519,500);;
INSERT INTO EMPLEADOS_DOCUMENTOS (ID_EMPLEADO_DOCUMENTO,CODIGO_DOCUMENTO,ID_EMPLEADO,ID_TIPO_DOCUMENTO) VALUES (520,'87718812-4',520,500);;
INSERT INTO EMPLEADOS_DOCUMENTOS (ID_EMPLEADO_DOCUMENTO,CODIGO_DOCUMENTO,ID_EMPLEADO,ID_TIPO_DOCUMENTO) VALUES (521,'05154925-1',521,500);;
INSERT INTO EMPLEADOS_DOCUMENTOS (ID_EMPLEADO_DOCUMENTO,CODIGO_DOCUMENTO,ID_EMPLEADO,ID_TIPO_DOCUMENTO) VALUES (522,'68644564-5',522,500);;
INSERT INTO EMPLEADOS_DOCUMENTOS (ID_EMPLEADO_DOCUMENTO,CODIGO_DOCUMENTO,ID_EMPLEADO,ID_TIPO_DOCUMENTO) VALUES (523,'52777790-6',523,500);;
INSERT INTO EMPLEADOS_DOCUMENTOS (ID_EMPLEADO_DOCUMENTO,CODIGO_DOCUMENTO,ID_EMPLEADO,ID_TIPO_DOCUMENTO) VALUES (524,'88514298-2',524,500);;
INSERT INTO EMPLEADOS_DOCUMENTOS (ID_EMPLEADO_DOCUMENTO,CODIGO_DOCUMENTO,ID_EMPLEADO,ID_TIPO_DOCUMENTO) VALUES (525,'09846220-8',525,500);;
INSERT INTO EMPLEADOS_DOCUMENTOS (ID_EMPLEADO_DOCUMENTO,CODIGO_DOCUMENTO,ID_EMPLEADO,ID_TIPO_DOCUMENTO) VALUES (526,'30022878-6',526,500);;
INSERT INTO EMPLEADOS_DOCUMENTOS (ID_EMPLEADO_DOCUMENTO,CODIGO_DOCUMENTO,ID_EMPLEADO,ID_TIPO_DOCUMENTO) VALUES (527,'92111858-7',527,500);;
INSERT INTO EMPLEADOS_DOCUMENTOS (ID_EMPLEADO_DOCUMENTO,CODIGO_DOCUMENTO,ID_EMPLEADO,ID_TIPO_DOCUMENTO) VALUES (528,'89204845-9',528,500);;
INSERT INTO EMPLEADOS_DOCUMENTOS (ID_EMPLEADO_DOCUMENTO,CODIGO_DOCUMENTO,ID_EMPLEADO,ID_TIPO_DOCUMENTO) VALUES (529,'07487757-8',529,500);;
INSERT INTO EMPLEADOS_DOCUMENTOS (ID_EMPLEADO_DOCUMENTO,CODIGO_DOCUMENTO,ID_EMPLEADO,ID_TIPO_DOCUMENTO) VALUES (530,'51713381-5',530,500);;
INSERT INTO EMPLEADOS_DOCUMENTOS (ID_EMPLEADO_DOCUMENTO,CODIGO_DOCUMENTO,ID_EMPLEADO,ID_TIPO_DOCUMENTO) VALUES (531,'87785289-7',531,500);;
INSERT INTO EMPLEADOS_DOCUMENTOS (ID_EMPLEADO_DOCUMENTO,CODIGO_DOCUMENTO,ID_EMPLEADO,ID_TIPO_DOCUMENTO) VALUES (532,'29853811-3',532,500);;
INSERT INTO EMPLEADOS_DOCUMENTOS (ID_EMPLEADO_DOCUMENTO,CODIGO_DOCUMENTO,ID_EMPLEADO,ID_TIPO_DOCUMENTO) VALUES (533,'92062429-3',533,500);;
INSERT INTO EMPLEADOS_DOCUMENTOS (ID_EMPLEADO_DOCUMENTO,CODIGO_DOCUMENTO,ID_EMPLEADO,ID_TIPO_DOCUMENTO) VALUES (534,'65004708-1',534,500);;
INSERT INTO EMPLEADOS_DOCUMENTOS (ID_EMPLEADO_DOCUMENTO,CODIGO_DOCUMENTO,ID_EMPLEADO,ID_TIPO_DOCUMENTO) VALUES (535,'05178842-6',535,500);;
INSERT INTO EMPLEADOS_DOCUMENTOS (ID_EMPLEADO_DOCUMENTO,CODIGO_DOCUMENTO,ID_EMPLEADO,ID_TIPO_DOCUMENTO) VALUES (536,'65912106-4',536,500);;
INSERT INTO EMPLEADOS_DOCUMENTOS (ID_EMPLEADO_DOCUMENTO,CODIGO_DOCUMENTO,ID_EMPLEADO,ID_TIPO_DOCUMENTO) VALUES (537,'27531613-1',537,500);;
INSERT INTO EMPLEADOS_DOCUMENTOS (ID_EMPLEADO_DOCUMENTO,CODIGO_DOCUMENTO,ID_EMPLEADO,ID_TIPO_DOCUMENTO) VALUES (538,'60385020-1',538,500);;
INSERT INTO EMPLEADOS_DOCUMENTOS (ID_EMPLEADO_DOCUMENTO,CODIGO_DOCUMENTO,ID_EMPLEADO,ID_TIPO_DOCUMENTO) VALUES (539,'21502046-4',539,500);;
INSERT INTO EMPLEADOS_DOCUMENTOS (ID_EMPLEADO_DOCUMENTO,CODIGO_DOCUMENTO,ID_EMPLEADO,ID_TIPO_DOCUMENTO) VALUES (540,'39071068-5',540,500);;
INSERT INTO EMPLEADOS_DOCUMENTOS (ID_EMPLEADO_DOCUMENTO,CODIGO_DOCUMENTO,ID_EMPLEADO,ID_TIPO_DOCUMENTO) VALUES (541,'37554878-9',541,500);;
INSERT INTO EMPLEADOS_DOCUMENTOS (ID_EMPLEADO_DOCUMENTO,CODIGO_DOCUMENTO,ID_EMPLEADO,ID_TIPO_DOCUMENTO) VALUES (542,'84683090-8',542,500);;
INSERT INTO EMPLEADOS_DOCUMENTOS (ID_EMPLEADO_DOCUMENTO,CODIGO_DOCUMENTO,ID_EMPLEADO,ID_TIPO_DOCUMENTO) VALUES (543,'87044801-7',543,500);;
INSERT INTO EMPLEADOS_DOCUMENTOS (ID_EMPLEADO_DOCUMENTO,CODIGO_DOCUMENTO,ID_EMPLEADO,ID_TIPO_DOCUMENTO) VALUES (544,'57598818-4',544,500);;
INSERT INTO EMPLEADOS_DOCUMENTOS (ID_EMPLEADO_DOCUMENTO,CODIGO_DOCUMENTO,ID_EMPLEADO,ID_TIPO_DOCUMENTO) VALUES (545,'02010130-3',545,500);;
INSERT INTO EMPLEADOS_DOCUMENTOS (ID_EMPLEADO_DOCUMENTO,CODIGO_DOCUMENTO,ID_EMPLEADO,ID_TIPO_DOCUMENTO) VALUES (546,'57322123-9',546,500);;
INSERT INTO EMPLEADOS_DOCUMENTOS (ID_EMPLEADO_DOCUMENTO,CODIGO_DOCUMENTO,ID_EMPLEADO,ID_TIPO_DOCUMENTO) VALUES (547,'36923183-5',547,500);;
INSERT INTO EMPLEADOS_DOCUMENTOS (ID_EMPLEADO_DOCUMENTO,CODIGO_DOCUMENTO,ID_EMPLEADO,ID_TIPO_DOCUMENTO) VALUES (548,'46114727-6',548,500);;
INSERT INTO EMPLEADOS_DOCUMENTOS (ID_EMPLEADO_DOCUMENTO,CODIGO_DOCUMENTO,ID_EMPLEADO,ID_TIPO_DOCUMENTO) VALUES (549,'37079372-6',549,500);;
INSERT INTO EMPLEADOS_DOCUMENTOS (ID_EMPLEADO_DOCUMENTO,CODIGO_DOCUMENTO,ID_EMPLEADO,ID_TIPO_DOCUMENTO) VALUES (550,'56114029-6',550,500);;
INSERT INTO EMPLEADOS_DOCUMENTOS (ID_EMPLEADO_DOCUMENTO,CODIGO_DOCUMENTO,ID_EMPLEADO,ID_TIPO_DOCUMENTO) VALUES (551,'80585968-4',551,500);;
INSERT INTO EMPLEADOS_DOCUMENTOS (ID_EMPLEADO_DOCUMENTO,CODIGO_DOCUMENTO,ID_EMPLEADO,ID_TIPO_DOCUMENTO) VALUES (552,'73477758-5',552,500);;
INSERT INTO EMPLEADOS_DOCUMENTOS (ID_EMPLEADO_DOCUMENTO,CODIGO_DOCUMENTO,ID_EMPLEADO,ID_TIPO_DOCUMENTO) VALUES (553,'02411614-2',553,500);;
INSERT INTO EMPLEADOS_DOCUMENTOS (ID_EMPLEADO_DOCUMENTO,CODIGO_DOCUMENTO,ID_EMPLEADO,ID_TIPO_DOCUMENTO) VALUES (554,'55530058-7',554,500);;
INSERT INTO EMPLEADOS_DOCUMENTOS (ID_EMPLEADO_DOCUMENTO,CODIGO_DOCUMENTO,ID_EMPLEADO,ID_TIPO_DOCUMENTO) VALUES (555,'04588469-6',555,500);;
INSERT INTO EMPLEADOS_DOCUMENTOS (ID_EMPLEADO_DOCUMENTO,CODIGO_DOCUMENTO,ID_EMPLEADO,ID_TIPO_DOCUMENTO) VALUES (556,'37012001-1',556,500);;
INSERT INTO EMPLEADOS_DOCUMENTOS (ID_EMPLEADO_DOCUMENTO,CODIGO_DOCUMENTO,ID_EMPLEADO,ID_TIPO_DOCUMENTO) VALUES (557,'25249980-0',557,500);;
INSERT INTO EMPLEADOS_DOCUMENTOS (ID_EMPLEADO_DOCUMENTO,CODIGO_DOCUMENTO,ID_EMPLEADO,ID_TIPO_DOCUMENTO) VALUES (558,'16688171-5',558,500);;
INSERT INTO EMPLEADOS_DOCUMENTOS (ID_EMPLEADO_DOCUMENTO,CODIGO_DOCUMENTO,ID_EMPLEADO,ID_TIPO_DOCUMENTO) VALUES (559,'58304240-3',559,500);;
INSERT INTO EMPLEADOS_DOCUMENTOS (ID_EMPLEADO_DOCUMENTO,CODIGO_DOCUMENTO,ID_EMPLEADO,ID_TIPO_DOCUMENTO) VALUES (560,'23761782-9',560,500);;
INSERT INTO EMPLEADOS_DOCUMENTOS (ID_EMPLEADO_DOCUMENTO,CODIGO_DOCUMENTO,ID_EMPLEADO,ID_TIPO_DOCUMENTO) VALUES (561,'93116646-2',561,500);;
INSERT INTO EMPLEADOS_DOCUMENTOS (ID_EMPLEADO_DOCUMENTO,CODIGO_DOCUMENTO,ID_EMPLEADO,ID_TIPO_DOCUMENTO) VALUES (562,'32833058-1',562,500);;
INSERT INTO EMPLEADOS_DOCUMENTOS (ID_EMPLEADO_DOCUMENTO,CODIGO_DOCUMENTO,ID_EMPLEADO,ID_TIPO_DOCUMENTO) VALUES (563,'39486308-0',563,500);;
INSERT INTO EMPLEADOS_DOCUMENTOS (ID_EMPLEADO_DOCUMENTO,CODIGO_DOCUMENTO,ID_EMPLEADO,ID_TIPO_DOCUMENTO) VALUES (564,'69806516-0',564,500);;
INSERT INTO EMPLEADOS_DOCUMENTOS (ID_EMPLEADO_DOCUMENTO,CODIGO_DOCUMENTO,ID_EMPLEADO,ID_TIPO_DOCUMENTO) VALUES (565,'35642697-3',565,500);;
INSERT INTO EMPLEADOS_DOCUMENTOS (ID_EMPLEADO_DOCUMENTO,CODIGO_DOCUMENTO,ID_EMPLEADO,ID_TIPO_DOCUMENTO) VALUES (566,'29520326-1',566,500);;
INSERT INTO EMPLEADOS_DOCUMENTOS (ID_EMPLEADO_DOCUMENTO,CODIGO_DOCUMENTO,ID_EMPLEADO,ID_TIPO_DOCUMENTO) VALUES (567,'41391330-7',567,500);;
INSERT INTO EMPLEADOS_DOCUMENTOS (ID_EMPLEADO_DOCUMENTO,CODIGO_DOCUMENTO,ID_EMPLEADO,ID_TIPO_DOCUMENTO) VALUES (568,'92332064-9',568,500);;
INSERT INTO EMPLEADOS_DOCUMENTOS (ID_EMPLEADO_DOCUMENTO,CODIGO_DOCUMENTO,ID_EMPLEADO,ID_TIPO_DOCUMENTO) VALUES (569,'80082018-4',569,500);;
INSERT INTO EMPLEADOS_DOCUMENTOS (ID_EMPLEADO_DOCUMENTO,CODIGO_DOCUMENTO,ID_EMPLEADO,ID_TIPO_DOCUMENTO) VALUES (570,'61893768-2',570,500);;
INSERT INTO EMPLEADOS_DOCUMENTOS (ID_EMPLEADO_DOCUMENTO,CODIGO_DOCUMENTO,ID_EMPLEADO,ID_TIPO_DOCUMENTO) VALUES (571,'14790933-7',571,500);;
INSERT INTO EMPLEADOS_DOCUMENTOS (ID_EMPLEADO_DOCUMENTO,CODIGO_DOCUMENTO,ID_EMPLEADO,ID_TIPO_DOCUMENTO) VALUES (572,'78232219-8',572,500);;
INSERT INTO EMPLEADOS_DOCUMENTOS (ID_EMPLEADO_DOCUMENTO,CODIGO_DOCUMENTO,ID_EMPLEADO,ID_TIPO_DOCUMENTO) VALUES (573,'08028901-8',573,500);;
INSERT INTO EMPLEADOS_DOCUMENTOS (ID_EMPLEADO_DOCUMENTO,CODIGO_DOCUMENTO,ID_EMPLEADO,ID_TIPO_DOCUMENTO) VALUES (574,'70454396-3',574,500);;
INSERT INTO EMPLEADOS_DOCUMENTOS (ID_EMPLEADO_DOCUMENTO,CODIGO_DOCUMENTO,ID_EMPLEADO,ID_TIPO_DOCUMENTO) VALUES (575,'97282901-9',575,500);;
INSERT INTO EMPLEADOS_DOCUMENTOS (ID_EMPLEADO_DOCUMENTO,CODIGO_DOCUMENTO,ID_EMPLEADO,ID_TIPO_DOCUMENTO) VALUES (576,'71152467-8',576,500);;
INSERT INTO EMPLEADOS_DOCUMENTOS (ID_EMPLEADO_DOCUMENTO,CODIGO_DOCUMENTO,ID_EMPLEADO,ID_TIPO_DOCUMENTO) VALUES (577,'16069279-7',577,500);;
INSERT INTO EMPLEADOS_DOCUMENTOS (ID_EMPLEADO_DOCUMENTO,CODIGO_DOCUMENTO,ID_EMPLEADO,ID_TIPO_DOCUMENTO) VALUES (578,'24701002-3',578,500);;
INSERT INTO EMPLEADOS_DOCUMENTOS (ID_EMPLEADO_DOCUMENTO,CODIGO_DOCUMENTO,ID_EMPLEADO,ID_TIPO_DOCUMENTO) VALUES (579,'47338370-5',579,500);;
INSERT INTO EMPLEADOS_DOCUMENTOS (ID_EMPLEADO_DOCUMENTO,CODIGO_DOCUMENTO,ID_EMPLEADO,ID_TIPO_DOCUMENTO) VALUES (580,'82441286-6',580,500);;
INSERT INTO EMPLEADOS_DOCUMENTOS (ID_EMPLEADO_DOCUMENTO,CODIGO_DOCUMENTO,ID_EMPLEADO,ID_TIPO_DOCUMENTO) VALUES (581,'53209387-2',581,500);;
INSERT INTO EMPLEADOS_DOCUMENTOS (ID_EMPLEADO_DOCUMENTO,CODIGO_DOCUMENTO,ID_EMPLEADO,ID_TIPO_DOCUMENTO) VALUES (582,'73660081-6',582,500);;
INSERT INTO EMPLEADOS_DOCUMENTOS (ID_EMPLEADO_DOCUMENTO,CODIGO_DOCUMENTO,ID_EMPLEADO,ID_TIPO_DOCUMENTO) VALUES (583,'04732758-1',583,500);;
INSERT INTO EMPLEADOS_DOCUMENTOS (ID_EMPLEADO_DOCUMENTO,CODIGO_DOCUMENTO,ID_EMPLEADO,ID_TIPO_DOCUMENTO) VALUES (584,'30758072-2',584,500);;
INSERT INTO EMPLEADOS_DOCUMENTOS (ID_EMPLEADO_DOCUMENTO,CODIGO_DOCUMENTO,ID_EMPLEADO,ID_TIPO_DOCUMENTO) VALUES (585,'30559645-8',585,500);;
INSERT INTO EMPLEADOS_DOCUMENTOS (ID_EMPLEADO_DOCUMENTO,CODIGO_DOCUMENTO,ID_EMPLEADO,ID_TIPO_DOCUMENTO) VALUES (586,'34508145-9',586,500);;
INSERT INTO EMPLEADOS_DOCUMENTOS (ID_EMPLEADO_DOCUMENTO,CODIGO_DOCUMENTO,ID_EMPLEADO,ID_TIPO_DOCUMENTO) VALUES (587,'06109774-7',587,500);;
INSERT INTO EMPLEADOS_DOCUMENTOS (ID_EMPLEADO_DOCUMENTO,CODIGO_DOCUMENTO,ID_EMPLEADO,ID_TIPO_DOCUMENTO) VALUES (588,'49357442-0',588,500);;
INSERT INTO EMPLEADOS_DOCUMENTOS (ID_EMPLEADO_DOCUMENTO,CODIGO_DOCUMENTO,ID_EMPLEADO,ID_TIPO_DOCUMENTO) VALUES (589,'07803034-1',589,500);;
INSERT INTO EMPLEADOS_DOCUMENTOS (ID_EMPLEADO_DOCUMENTO,CODIGO_DOCUMENTO,ID_EMPLEADO,ID_TIPO_DOCUMENTO) VALUES (590,'89765124-8',590,500);;
INSERT INTO EMPLEADOS_DOCUMENTOS (ID_EMPLEADO_DOCUMENTO,CODIGO_DOCUMENTO,ID_EMPLEADO,ID_TIPO_DOCUMENTO) VALUES (591,'63848155-3',591,500);;
INSERT INTO EMPLEADOS_DOCUMENTOS (ID_EMPLEADO_DOCUMENTO,CODIGO_DOCUMENTO,ID_EMPLEADO,ID_TIPO_DOCUMENTO) VALUES (592,'22082756-1',592,500);;
INSERT INTO EMPLEADOS_DOCUMENTOS (ID_EMPLEADO_DOCUMENTO,CODIGO_DOCUMENTO,ID_EMPLEADO,ID_TIPO_DOCUMENTO) VALUES (593,'98350040-6',593,500);;
INSERT INTO EMPLEADOS_DOCUMENTOS (ID_EMPLEADO_DOCUMENTO,CODIGO_DOCUMENTO,ID_EMPLEADO,ID_TIPO_DOCUMENTO) VALUES (594,'87295431-6',594,500);;
INSERT INTO EMPLEADOS_DOCUMENTOS (ID_EMPLEADO_DOCUMENTO,CODIGO_DOCUMENTO,ID_EMPLEADO,ID_TIPO_DOCUMENTO) VALUES (595,'03135626-3',595,500);;
INSERT INTO EMPLEADOS_DOCUMENTOS (ID_EMPLEADO_DOCUMENTO,CODIGO_DOCUMENTO,ID_EMPLEADO,ID_TIPO_DOCUMENTO) VALUES (596,'34513897-3',596,500);;
INSERT INTO EMPLEADOS_DOCUMENTOS (ID_EMPLEADO_DOCUMENTO,CODIGO_DOCUMENTO,ID_EMPLEADO,ID_TIPO_DOCUMENTO) VALUES (597,'60406587-7',597,500);;
INSERT INTO EMPLEADOS_DOCUMENTOS (ID_EMPLEADO_DOCUMENTO,CODIGO_DOCUMENTO,ID_EMPLEADO,ID_TIPO_DOCUMENTO) VALUES (598,'64896489-3',598,500);;
INSERT INTO EMPLEADOS_DOCUMENTOS (ID_EMPLEADO_DOCUMENTO,CODIGO_DOCUMENTO,ID_EMPLEADO,ID_TIPO_DOCUMENTO) VALUES (599,'10431679-0',599,500);;
INSERT INTO EMPLEADOS_DOCUMENTOS (ID_EMPLEADO_DOCUMENTO,CODIGO_DOCUMENTO,ID_EMPLEADO,ID_TIPO_DOCUMENTO) VALUES (600,'11300599-4',600,500);;
INSERT INTO EMPLEADOS_DOCUMENTOS (ID_EMPLEADO_DOCUMENTO,CODIGO_DOCUMENTO,ID_EMPLEADO,ID_TIPO_DOCUMENTO) VALUES (601,'80714718-4',601,500);;
INSERT INTO EMPLEADOS_DOCUMENTOS (ID_EMPLEADO_DOCUMENTO,CODIGO_DOCUMENTO,ID_EMPLEADO,ID_TIPO_DOCUMENTO) VALUES (602,'77803869-3',602,500);;
INSERT INTO EMPLEADOS_DOCUMENTOS (ID_EMPLEADO_DOCUMENTO,CODIGO_DOCUMENTO,ID_EMPLEADO,ID_TIPO_DOCUMENTO) VALUES (603,'36640116-6',603,500);;
INSERT INTO EMPLEADOS_DOCUMENTOS (ID_EMPLEADO_DOCUMENTO,CODIGO_DOCUMENTO,ID_EMPLEADO,ID_TIPO_DOCUMENTO) VALUES (604,'46017372-2',604,500);;
INSERT INTO EMPLEADOS_DOCUMENTOS (ID_EMPLEADO_DOCUMENTO,CODIGO_DOCUMENTO,ID_EMPLEADO,ID_TIPO_DOCUMENTO) VALUES (605,'99466970-3',605,500);;
INSERT INTO EMPLEADOS_DOCUMENTOS (ID_EMPLEADO_DOCUMENTO,CODIGO_DOCUMENTO,ID_EMPLEADO,ID_TIPO_DOCUMENTO) VALUES (606,'11958564-3',606,500);;
INSERT INTO EMPLEADOS_DOCUMENTOS (ID_EMPLEADO_DOCUMENTO,CODIGO_DOCUMENTO,ID_EMPLEADO,ID_TIPO_DOCUMENTO) VALUES (607,'54082891-7',607,500);;
INSERT INTO EMPLEADOS_DOCUMENTOS (ID_EMPLEADO_DOCUMENTO,CODIGO_DOCUMENTO,ID_EMPLEADO,ID_TIPO_DOCUMENTO) VALUES (608,'66005389-6',608,500);;
INSERT INTO EMPLEADOS_DOCUMENTOS (ID_EMPLEADO_DOCUMENTO,CODIGO_DOCUMENTO,ID_EMPLEADO,ID_TIPO_DOCUMENTO) VALUES (609,'99122485-6',609,500);;
INSERT INTO EMPLEADOS_DOCUMENTOS (ID_EMPLEADO_DOCUMENTO,CODIGO_DOCUMENTO,ID_EMPLEADO,ID_TIPO_DOCUMENTO) VALUES (610,'70146587-3',610,500);;
INSERT INTO EMPLEADOS_DOCUMENTOS (ID_EMPLEADO_DOCUMENTO,CODIGO_DOCUMENTO,ID_EMPLEADO,ID_TIPO_DOCUMENTO) VALUES (611,'54817577-8',611,500);;
INSERT INTO EMPLEADOS_DOCUMENTOS (ID_EMPLEADO_DOCUMENTO,CODIGO_DOCUMENTO,ID_EMPLEADO,ID_TIPO_DOCUMENTO) VALUES (612,'51263101-0',612,500);;
INSERT INTO EMPLEADOS_DOCUMENTOS (ID_EMPLEADO_DOCUMENTO,CODIGO_DOCUMENTO,ID_EMPLEADO,ID_TIPO_DOCUMENTO) VALUES (613,'49661527-6',613,500);;
INSERT INTO EMPLEADOS_DOCUMENTOS (ID_EMPLEADO_DOCUMENTO,CODIGO_DOCUMENTO,ID_EMPLEADO,ID_TIPO_DOCUMENTO) VALUES (614,'63676762-6',614,500);;
INSERT INTO EMPLEADOS_DOCUMENTOS (ID_EMPLEADO_DOCUMENTO,CODIGO_DOCUMENTO,ID_EMPLEADO,ID_TIPO_DOCUMENTO) VALUES (615,'97034627-6',615,500);;
INSERT INTO EMPLEADOS_DOCUMENTOS (ID_EMPLEADO_DOCUMENTO,CODIGO_DOCUMENTO,ID_EMPLEADO,ID_TIPO_DOCUMENTO) VALUES (616,'19968498-0',616,500);;
INSERT INTO EMPLEADOS_DOCUMENTOS (ID_EMPLEADO_DOCUMENTO,CODIGO_DOCUMENTO,ID_EMPLEADO,ID_TIPO_DOCUMENTO) VALUES (617,'25956898-8',617,500);;
INSERT INTO EMPLEADOS_DOCUMENTOS (ID_EMPLEADO_DOCUMENTO,CODIGO_DOCUMENTO,ID_EMPLEADO,ID_TIPO_DOCUMENTO) VALUES (618,'78043010-0',618,500);;
INSERT INTO EMPLEADOS_DOCUMENTOS (ID_EMPLEADO_DOCUMENTO,CODIGO_DOCUMENTO,ID_EMPLEADO,ID_TIPO_DOCUMENTO) VALUES (619,'64654416-7',619,500);;

/* NIT */
INSERT INTO EMPLEADOS_DOCUMENTOS (ID_EMPLEADO_DOCUMENTO,CODIGO_DOCUMENTO,ID_EMPLEADO,ID_TIPO_DOCUMENTO) VALUES (620,'7840-518819-319-1',500,501);;
INSERT INTO EMPLEADOS_DOCUMENTOS (ID_EMPLEADO_DOCUMENTO,CODIGO_DOCUMENTO,ID_EMPLEADO,ID_TIPO_DOCUMENTO) VALUES (621,'9425-370250-207-4',501,501);;
INSERT INTO EMPLEADOS_DOCUMENTOS (ID_EMPLEADO_DOCUMENTO,CODIGO_DOCUMENTO,ID_EMPLEADO,ID_TIPO_DOCUMENTO) VALUES (622,'9504-009756-978-3',502,501);;
INSERT INTO EMPLEADOS_DOCUMENTOS (ID_EMPLEADO_DOCUMENTO,CODIGO_DOCUMENTO,ID_EMPLEADO,ID_TIPO_DOCUMENTO) VALUES (623,'8353-182628-972-5',503,501);;
INSERT INTO EMPLEADOS_DOCUMENTOS (ID_EMPLEADO_DOCUMENTO,CODIGO_DOCUMENTO,ID_EMPLEADO,ID_TIPO_DOCUMENTO) VALUES (624,'6430-577140-216-9',504,501);;
INSERT INTO EMPLEADOS_DOCUMENTOS (ID_EMPLEADO_DOCUMENTO,CODIGO_DOCUMENTO,ID_EMPLEADO,ID_TIPO_DOCUMENTO) VALUES (625,'1257-774774-107-7',505,501);;
INSERT INTO EMPLEADOS_DOCUMENTOS (ID_EMPLEADO_DOCUMENTO,CODIGO_DOCUMENTO,ID_EMPLEADO,ID_TIPO_DOCUMENTO) VALUES (626,'9913-933209-232-4',506,501);;
INSERT INTO EMPLEADOS_DOCUMENTOS (ID_EMPLEADO_DOCUMENTO,CODIGO_DOCUMENTO,ID_EMPLEADO,ID_TIPO_DOCUMENTO) VALUES (627,'8230-411311-183-5',507,501);;
INSERT INTO EMPLEADOS_DOCUMENTOS (ID_EMPLEADO_DOCUMENTO,CODIGO_DOCUMENTO,ID_EMPLEADO,ID_TIPO_DOCUMENTO) VALUES (628,'9330-782331-344-8',508,501);;
INSERT INTO EMPLEADOS_DOCUMENTOS (ID_EMPLEADO_DOCUMENTO,CODIGO_DOCUMENTO,ID_EMPLEADO,ID_TIPO_DOCUMENTO) VALUES (629,'5754-456140-532-9',509,501);;
INSERT INTO EMPLEADOS_DOCUMENTOS (ID_EMPLEADO_DOCUMENTO,CODIGO_DOCUMENTO,ID_EMPLEADO,ID_TIPO_DOCUMENTO) VALUES (630,'1287-867203-050-3',510,501);;
INSERT INTO EMPLEADOS_DOCUMENTOS (ID_EMPLEADO_DOCUMENTO,CODIGO_DOCUMENTO,ID_EMPLEADO,ID_TIPO_DOCUMENTO) VALUES (631,'8355-254945-160-2',511,501);;
INSERT INTO EMPLEADOS_DOCUMENTOS (ID_EMPLEADO_DOCUMENTO,CODIGO_DOCUMENTO,ID_EMPLEADO,ID_TIPO_DOCUMENTO) VALUES (632,'7808-605903-131-0',512,501);;
INSERT INTO EMPLEADOS_DOCUMENTOS (ID_EMPLEADO_DOCUMENTO,CODIGO_DOCUMENTO,ID_EMPLEADO,ID_TIPO_DOCUMENTO) VALUES (633,'7342-421336-328-0',513,501);;
INSERT INTO EMPLEADOS_DOCUMENTOS (ID_EMPLEADO_DOCUMENTO,CODIGO_DOCUMENTO,ID_EMPLEADO,ID_TIPO_DOCUMENTO) VALUES (634,'0479-395861-187-6',514,501);;
INSERT INTO EMPLEADOS_DOCUMENTOS (ID_EMPLEADO_DOCUMENTO,CODIGO_DOCUMENTO,ID_EMPLEADO,ID_TIPO_DOCUMENTO) VALUES (635,'5873-574156-826-1',515,501);;
INSERT INTO EMPLEADOS_DOCUMENTOS (ID_EMPLEADO_DOCUMENTO,CODIGO_DOCUMENTO,ID_EMPLEADO,ID_TIPO_DOCUMENTO) VALUES (636,'7637-765066-782-9',516,501);;
INSERT INTO EMPLEADOS_DOCUMENTOS (ID_EMPLEADO_DOCUMENTO,CODIGO_DOCUMENTO,ID_EMPLEADO,ID_TIPO_DOCUMENTO) VALUES (637,'7322-996622-199-9',517,501);;
INSERT INTO EMPLEADOS_DOCUMENTOS (ID_EMPLEADO_DOCUMENTO,CODIGO_DOCUMENTO,ID_EMPLEADO,ID_TIPO_DOCUMENTO) VALUES (638,'4272-972391-584-9',518,501);;
INSERT INTO EMPLEADOS_DOCUMENTOS (ID_EMPLEADO_DOCUMENTO,CODIGO_DOCUMENTO,ID_EMPLEADO,ID_TIPO_DOCUMENTO) VALUES (639,'1439-649309-168-9',519,501);;
INSERT INTO EMPLEADOS_DOCUMENTOS (ID_EMPLEADO_DOCUMENTO,CODIGO_DOCUMENTO,ID_EMPLEADO,ID_TIPO_DOCUMENTO) VALUES (640,'3881-427920-161-2',520,501);;
INSERT INTO EMPLEADOS_DOCUMENTOS (ID_EMPLEADO_DOCUMENTO,CODIGO_DOCUMENTO,ID_EMPLEADO,ID_TIPO_DOCUMENTO) VALUES (641,'6204-118206-653-0',521,501);;
INSERT INTO EMPLEADOS_DOCUMENTOS (ID_EMPLEADO_DOCUMENTO,CODIGO_DOCUMENTO,ID_EMPLEADO,ID_TIPO_DOCUMENTO) VALUES (642,'3024-820171-473-0',522,501);;
INSERT INTO EMPLEADOS_DOCUMENTOS (ID_EMPLEADO_DOCUMENTO,CODIGO_DOCUMENTO,ID_EMPLEADO,ID_TIPO_DOCUMENTO) VALUES (643,'3783-847739-753-1',523,501);;
INSERT INTO EMPLEADOS_DOCUMENTOS (ID_EMPLEADO_DOCUMENTO,CODIGO_DOCUMENTO,ID_EMPLEADO,ID_TIPO_DOCUMENTO) VALUES (644,'5115-239878-012-7',524,501);;
INSERT INTO EMPLEADOS_DOCUMENTOS (ID_EMPLEADO_DOCUMENTO,CODIGO_DOCUMENTO,ID_EMPLEADO,ID_TIPO_DOCUMENTO) VALUES (645,'6762-324986-612-1',525,501);;
INSERT INTO EMPLEADOS_DOCUMENTOS (ID_EMPLEADO_DOCUMENTO,CODIGO_DOCUMENTO,ID_EMPLEADO,ID_TIPO_DOCUMENTO) VALUES (646,'0954-632868-992-0',526,501);;
INSERT INTO EMPLEADOS_DOCUMENTOS (ID_EMPLEADO_DOCUMENTO,CODIGO_DOCUMENTO,ID_EMPLEADO,ID_TIPO_DOCUMENTO) VALUES (647,'9153-117073-716-6',527,501);;
INSERT INTO EMPLEADOS_DOCUMENTOS (ID_EMPLEADO_DOCUMENTO,CODIGO_DOCUMENTO,ID_EMPLEADO,ID_TIPO_DOCUMENTO) VALUES (648,'4570-426041-762-0',528,501);;
INSERT INTO EMPLEADOS_DOCUMENTOS (ID_EMPLEADO_DOCUMENTO,CODIGO_DOCUMENTO,ID_EMPLEADO,ID_TIPO_DOCUMENTO) VALUES (649,'2656-333220-196-0',529,501);;
INSERT INTO EMPLEADOS_DOCUMENTOS (ID_EMPLEADO_DOCUMENTO,CODIGO_DOCUMENTO,ID_EMPLEADO,ID_TIPO_DOCUMENTO) VALUES (650,'2845-304625-988-5',530,501);;
INSERT INTO EMPLEADOS_DOCUMENTOS (ID_EMPLEADO_DOCUMENTO,CODIGO_DOCUMENTO,ID_EMPLEADO,ID_TIPO_DOCUMENTO) VALUES (651,'5031-780860-309-4',531,501);;
INSERT INTO EMPLEADOS_DOCUMENTOS (ID_EMPLEADO_DOCUMENTO,CODIGO_DOCUMENTO,ID_EMPLEADO,ID_TIPO_DOCUMENTO) VALUES (652,'2115-734412-452-4',532,501);;
INSERT INTO EMPLEADOS_DOCUMENTOS (ID_EMPLEADO_DOCUMENTO,CODIGO_DOCUMENTO,ID_EMPLEADO,ID_TIPO_DOCUMENTO) VALUES (653,'0843-067732-057-8',533,501);;
INSERT INTO EMPLEADOS_DOCUMENTOS (ID_EMPLEADO_DOCUMENTO,CODIGO_DOCUMENTO,ID_EMPLEADO,ID_TIPO_DOCUMENTO) VALUES (654,'0042-522018-880-3',534,501);;
INSERT INTO EMPLEADOS_DOCUMENTOS (ID_EMPLEADO_DOCUMENTO,CODIGO_DOCUMENTO,ID_EMPLEADO,ID_TIPO_DOCUMENTO) VALUES (655,'1584-577647-526-2',535,501);;
INSERT INTO EMPLEADOS_DOCUMENTOS (ID_EMPLEADO_DOCUMENTO,CODIGO_DOCUMENTO,ID_EMPLEADO,ID_TIPO_DOCUMENTO) VALUES (656,'6636-661352-325-5',536,501);;
INSERT INTO EMPLEADOS_DOCUMENTOS (ID_EMPLEADO_DOCUMENTO,CODIGO_DOCUMENTO,ID_EMPLEADO,ID_TIPO_DOCUMENTO) VALUES (657,'4375-674442-981-2',537,501);;
INSERT INTO EMPLEADOS_DOCUMENTOS (ID_EMPLEADO_DOCUMENTO,CODIGO_DOCUMENTO,ID_EMPLEADO,ID_TIPO_DOCUMENTO) VALUES (658,'0972-536389-430-1',538,501);;
INSERT INTO EMPLEADOS_DOCUMENTOS (ID_EMPLEADO_DOCUMENTO,CODIGO_DOCUMENTO,ID_EMPLEADO,ID_TIPO_DOCUMENTO) VALUES (659,'4722-917673-806-5',539,501);;
INSERT INTO EMPLEADOS_DOCUMENTOS (ID_EMPLEADO_DOCUMENTO,CODIGO_DOCUMENTO,ID_EMPLEADO,ID_TIPO_DOCUMENTO) VALUES (660,'8372-177914-130-5',540,501);;
INSERT INTO EMPLEADOS_DOCUMENTOS (ID_EMPLEADO_DOCUMENTO,CODIGO_DOCUMENTO,ID_EMPLEADO,ID_TIPO_DOCUMENTO) VALUES (661,'5709-451227-144-8',541,501);;
INSERT INTO EMPLEADOS_DOCUMENTOS (ID_EMPLEADO_DOCUMENTO,CODIGO_DOCUMENTO,ID_EMPLEADO,ID_TIPO_DOCUMENTO) VALUES (662,'0679-070732-337-2',542,501);;
INSERT INTO EMPLEADOS_DOCUMENTOS (ID_EMPLEADO_DOCUMENTO,CODIGO_DOCUMENTO,ID_EMPLEADO,ID_TIPO_DOCUMENTO) VALUES (663,'1569-026385-836-1',543,501);;
INSERT INTO EMPLEADOS_DOCUMENTOS (ID_EMPLEADO_DOCUMENTO,CODIGO_DOCUMENTO,ID_EMPLEADO,ID_TIPO_DOCUMENTO) VALUES (664,'0530-960155-025-7',544,501);;
INSERT INTO EMPLEADOS_DOCUMENTOS (ID_EMPLEADO_DOCUMENTO,CODIGO_DOCUMENTO,ID_EMPLEADO,ID_TIPO_DOCUMENTO) VALUES (665,'3531-532215-605-7',545,501);;
INSERT INTO EMPLEADOS_DOCUMENTOS (ID_EMPLEADO_DOCUMENTO,CODIGO_DOCUMENTO,ID_EMPLEADO,ID_TIPO_DOCUMENTO) VALUES (666,'7480-391285-830-1',546,501);;
INSERT INTO EMPLEADOS_DOCUMENTOS (ID_EMPLEADO_DOCUMENTO,CODIGO_DOCUMENTO,ID_EMPLEADO,ID_TIPO_DOCUMENTO) VALUES (667,'0422-733585-404-3',547,501);;
INSERT INTO EMPLEADOS_DOCUMENTOS (ID_EMPLEADO_DOCUMENTO,CODIGO_DOCUMENTO,ID_EMPLEADO,ID_TIPO_DOCUMENTO) VALUES (668,'7753-349340-655-0',548,501);;
INSERT INTO EMPLEADOS_DOCUMENTOS (ID_EMPLEADO_DOCUMENTO,CODIGO_DOCUMENTO,ID_EMPLEADO,ID_TIPO_DOCUMENTO) VALUES (669,'3518-997847-677-4',549,501);;
INSERT INTO EMPLEADOS_DOCUMENTOS (ID_EMPLEADO_DOCUMENTO,CODIGO_DOCUMENTO,ID_EMPLEADO,ID_TIPO_DOCUMENTO) VALUES (670,'5472-639107-089-3',550,501);;
INSERT INTO EMPLEADOS_DOCUMENTOS (ID_EMPLEADO_DOCUMENTO,CODIGO_DOCUMENTO,ID_EMPLEADO,ID_TIPO_DOCUMENTO) VALUES (671,'2623-597835-137-9',551,501);;
INSERT INTO EMPLEADOS_DOCUMENTOS (ID_EMPLEADO_DOCUMENTO,CODIGO_DOCUMENTO,ID_EMPLEADO,ID_TIPO_DOCUMENTO) VALUES (672,'0445-195364-131-9',552,501);;
INSERT INTO EMPLEADOS_DOCUMENTOS (ID_EMPLEADO_DOCUMENTO,CODIGO_DOCUMENTO,ID_EMPLEADO,ID_TIPO_DOCUMENTO) VALUES (673,'3942-728496-090-6',553,501);;
INSERT INTO EMPLEADOS_DOCUMENTOS (ID_EMPLEADO_DOCUMENTO,CODIGO_DOCUMENTO,ID_EMPLEADO,ID_TIPO_DOCUMENTO) VALUES (674,'5519-954619-766-5',554,501);;
INSERT INTO EMPLEADOS_DOCUMENTOS (ID_EMPLEADO_DOCUMENTO,CODIGO_DOCUMENTO,ID_EMPLEADO,ID_TIPO_DOCUMENTO) VALUES (675,'1789-389972-727-8',555,501);;
INSERT INTO EMPLEADOS_DOCUMENTOS (ID_EMPLEADO_DOCUMENTO,CODIGO_DOCUMENTO,ID_EMPLEADO,ID_TIPO_DOCUMENTO) VALUES (676,'5898-166759-743-8',556,501);;
INSERT INTO EMPLEADOS_DOCUMENTOS (ID_EMPLEADO_DOCUMENTO,CODIGO_DOCUMENTO,ID_EMPLEADO,ID_TIPO_DOCUMENTO) VALUES (677,'6971-315099-054-2',557,501);;
INSERT INTO EMPLEADOS_DOCUMENTOS (ID_EMPLEADO_DOCUMENTO,CODIGO_DOCUMENTO,ID_EMPLEADO,ID_TIPO_DOCUMENTO) VALUES (678,'9730-048958-113-7',558,501);;
INSERT INTO EMPLEADOS_DOCUMENTOS (ID_EMPLEADO_DOCUMENTO,CODIGO_DOCUMENTO,ID_EMPLEADO,ID_TIPO_DOCUMENTO) VALUES (679,'5022-214537-198-2',559,501);;
INSERT INTO EMPLEADOS_DOCUMENTOS (ID_EMPLEADO_DOCUMENTO,CODIGO_DOCUMENTO,ID_EMPLEADO,ID_TIPO_DOCUMENTO) VALUES (680,'4794-810534-623-8',560,501);;
INSERT INTO EMPLEADOS_DOCUMENTOS (ID_EMPLEADO_DOCUMENTO,CODIGO_DOCUMENTO,ID_EMPLEADO,ID_TIPO_DOCUMENTO) VALUES (681,'8524-434096-919-5',561,501);;
INSERT INTO EMPLEADOS_DOCUMENTOS (ID_EMPLEADO_DOCUMENTO,CODIGO_DOCUMENTO,ID_EMPLEADO,ID_TIPO_DOCUMENTO) VALUES (682,'1005-385179-246-6',562,501);;
INSERT INTO EMPLEADOS_DOCUMENTOS (ID_EMPLEADO_DOCUMENTO,CODIGO_DOCUMENTO,ID_EMPLEADO,ID_TIPO_DOCUMENTO) VALUES (683,'0935-643920-937-5',563,501);;
INSERT INTO EMPLEADOS_DOCUMENTOS (ID_EMPLEADO_DOCUMENTO,CODIGO_DOCUMENTO,ID_EMPLEADO,ID_TIPO_DOCUMENTO) VALUES (684,'3942-829830-465-3',564,501);;
INSERT INTO EMPLEADOS_DOCUMENTOS (ID_EMPLEADO_DOCUMENTO,CODIGO_DOCUMENTO,ID_EMPLEADO,ID_TIPO_DOCUMENTO) VALUES (685,'4166-683145-146-0',565,501);;
INSERT INTO EMPLEADOS_DOCUMENTOS (ID_EMPLEADO_DOCUMENTO,CODIGO_DOCUMENTO,ID_EMPLEADO,ID_TIPO_DOCUMENTO) VALUES (686,'8102-010227-919-1',566,501);;
INSERT INTO EMPLEADOS_DOCUMENTOS (ID_EMPLEADO_DOCUMENTO,CODIGO_DOCUMENTO,ID_EMPLEADO,ID_TIPO_DOCUMENTO) VALUES (687,'2199-994526-489-7',567,501);;
INSERT INTO EMPLEADOS_DOCUMENTOS (ID_EMPLEADO_DOCUMENTO,CODIGO_DOCUMENTO,ID_EMPLEADO,ID_TIPO_DOCUMENTO) VALUES (688,'8143-797398-672-3',568,501);;
INSERT INTO EMPLEADOS_DOCUMENTOS (ID_EMPLEADO_DOCUMENTO,CODIGO_DOCUMENTO,ID_EMPLEADO,ID_TIPO_DOCUMENTO) VALUES (689,'2646-240774-656-9',569,501);;
INSERT INTO EMPLEADOS_DOCUMENTOS (ID_EMPLEADO_DOCUMENTO,CODIGO_DOCUMENTO,ID_EMPLEADO,ID_TIPO_DOCUMENTO) VALUES (690,'2485-694654-888-3',570,501);;
INSERT INTO EMPLEADOS_DOCUMENTOS (ID_EMPLEADO_DOCUMENTO,CODIGO_DOCUMENTO,ID_EMPLEADO,ID_TIPO_DOCUMENTO) VALUES (691,'5910-192671-315-9',571,501);;
INSERT INTO EMPLEADOS_DOCUMENTOS (ID_EMPLEADO_DOCUMENTO,CODIGO_DOCUMENTO,ID_EMPLEADO,ID_TIPO_DOCUMENTO) VALUES (692,'3803-930930-099-7',572,501);;
INSERT INTO EMPLEADOS_DOCUMENTOS (ID_EMPLEADO_DOCUMENTO,CODIGO_DOCUMENTO,ID_EMPLEADO,ID_TIPO_DOCUMENTO) VALUES (693,'5713-506330-434-2',573,501);;
INSERT INTO EMPLEADOS_DOCUMENTOS (ID_EMPLEADO_DOCUMENTO,CODIGO_DOCUMENTO,ID_EMPLEADO,ID_TIPO_DOCUMENTO) VALUES (694,'9411-060350-898-6',574,501);;
INSERT INTO EMPLEADOS_DOCUMENTOS (ID_EMPLEADO_DOCUMENTO,CODIGO_DOCUMENTO,ID_EMPLEADO,ID_TIPO_DOCUMENTO) VALUES (695,'1724-413085-974-9',575,501);;
INSERT INTO EMPLEADOS_DOCUMENTOS (ID_EMPLEADO_DOCUMENTO,CODIGO_DOCUMENTO,ID_EMPLEADO,ID_TIPO_DOCUMENTO) VALUES (696,'4389-536344-181-6',576,501);;
INSERT INTO EMPLEADOS_DOCUMENTOS (ID_EMPLEADO_DOCUMENTO,CODIGO_DOCUMENTO,ID_EMPLEADO,ID_TIPO_DOCUMENTO) VALUES (697,'3477-876576-274-2',577,501);;
INSERT INTO EMPLEADOS_DOCUMENTOS (ID_EMPLEADO_DOCUMENTO,CODIGO_DOCUMENTO,ID_EMPLEADO,ID_TIPO_DOCUMENTO) VALUES (698,'8316-055987-270-9',578,501);;
INSERT INTO EMPLEADOS_DOCUMENTOS (ID_EMPLEADO_DOCUMENTO,CODIGO_DOCUMENTO,ID_EMPLEADO,ID_TIPO_DOCUMENTO) VALUES (699,'4346-543895-285-7',579,501);;
INSERT INTO EMPLEADOS_DOCUMENTOS (ID_EMPLEADO_DOCUMENTO,CODIGO_DOCUMENTO,ID_EMPLEADO,ID_TIPO_DOCUMENTO) VALUES (700,'7888-852743-885-6',580,501);;
INSERT INTO EMPLEADOS_DOCUMENTOS (ID_EMPLEADO_DOCUMENTO,CODIGO_DOCUMENTO,ID_EMPLEADO,ID_TIPO_DOCUMENTO) VALUES (701,'4196-550553-042-8',581,501);;
INSERT INTO EMPLEADOS_DOCUMENTOS (ID_EMPLEADO_DOCUMENTO,CODIGO_DOCUMENTO,ID_EMPLEADO,ID_TIPO_DOCUMENTO) VALUES (702,'9798-215796-697-0',582,501);;
INSERT INTO EMPLEADOS_DOCUMENTOS (ID_EMPLEADO_DOCUMENTO,CODIGO_DOCUMENTO,ID_EMPLEADO,ID_TIPO_DOCUMENTO) VALUES (703,'5053-396958-228-6',583,501);;
INSERT INTO EMPLEADOS_DOCUMENTOS (ID_EMPLEADO_DOCUMENTO,CODIGO_DOCUMENTO,ID_EMPLEADO,ID_TIPO_DOCUMENTO) VALUES (704,'3444-973381-922-5',584,501);;
INSERT INTO EMPLEADOS_DOCUMENTOS (ID_EMPLEADO_DOCUMENTO,CODIGO_DOCUMENTO,ID_EMPLEADO,ID_TIPO_DOCUMENTO) VALUES (705,'3033-454648-922-1',585,501);;
INSERT INTO EMPLEADOS_DOCUMENTOS (ID_EMPLEADO_DOCUMENTO,CODIGO_DOCUMENTO,ID_EMPLEADO,ID_TIPO_DOCUMENTO) VALUES (706,'5778-010605-853-9',586,501);;
INSERT INTO EMPLEADOS_DOCUMENTOS (ID_EMPLEADO_DOCUMENTO,CODIGO_DOCUMENTO,ID_EMPLEADO,ID_TIPO_DOCUMENTO) VALUES (707,'9664-687099-650-1',587,501);;
INSERT INTO EMPLEADOS_DOCUMENTOS (ID_EMPLEADO_DOCUMENTO,CODIGO_DOCUMENTO,ID_EMPLEADO,ID_TIPO_DOCUMENTO) VALUES (708,'2719-338088-874-5',588,501);;
INSERT INTO EMPLEADOS_DOCUMENTOS (ID_EMPLEADO_DOCUMENTO,CODIGO_DOCUMENTO,ID_EMPLEADO,ID_TIPO_DOCUMENTO) VALUES (709,'1521-216048-986-9',589,501);;
INSERT INTO EMPLEADOS_DOCUMENTOS (ID_EMPLEADO_DOCUMENTO,CODIGO_DOCUMENTO,ID_EMPLEADO,ID_TIPO_DOCUMENTO) VALUES (710,'8579-119260-698-8',590,501);;
INSERT INTO EMPLEADOS_DOCUMENTOS (ID_EMPLEADO_DOCUMENTO,CODIGO_DOCUMENTO,ID_EMPLEADO,ID_TIPO_DOCUMENTO) VALUES (711,'0176-602807-296-7',591,501);;
INSERT INTO EMPLEADOS_DOCUMENTOS (ID_EMPLEADO_DOCUMENTO,CODIGO_DOCUMENTO,ID_EMPLEADO,ID_TIPO_DOCUMENTO) VALUES (712,'0879-525113-630-2',592,501);;
INSERT INTO EMPLEADOS_DOCUMENTOS (ID_EMPLEADO_DOCUMENTO,CODIGO_DOCUMENTO,ID_EMPLEADO,ID_TIPO_DOCUMENTO) VALUES (713,'6449-722122-797-7',593,501);;
INSERT INTO EMPLEADOS_DOCUMENTOS (ID_EMPLEADO_DOCUMENTO,CODIGO_DOCUMENTO,ID_EMPLEADO,ID_TIPO_DOCUMENTO) VALUES (714,'9975-121553-780-5',594,501);;
INSERT INTO EMPLEADOS_DOCUMENTOS (ID_EMPLEADO_DOCUMENTO,CODIGO_DOCUMENTO,ID_EMPLEADO,ID_TIPO_DOCUMENTO) VALUES (715,'8485-565833-793-8',595,501);;
INSERT INTO EMPLEADOS_DOCUMENTOS (ID_EMPLEADO_DOCUMENTO,CODIGO_DOCUMENTO,ID_EMPLEADO,ID_TIPO_DOCUMENTO) VALUES (716,'4855-608987-327-8',596,501);;
INSERT INTO EMPLEADOS_DOCUMENTOS (ID_EMPLEADO_DOCUMENTO,CODIGO_DOCUMENTO,ID_EMPLEADO,ID_TIPO_DOCUMENTO) VALUES (717,'5920-961173-681-7',597,501);;
INSERT INTO EMPLEADOS_DOCUMENTOS (ID_EMPLEADO_DOCUMENTO,CODIGO_DOCUMENTO,ID_EMPLEADO,ID_TIPO_DOCUMENTO) VALUES (718,'5828-274872-868-4',598,501);;
INSERT INTO EMPLEADOS_DOCUMENTOS (ID_EMPLEADO_DOCUMENTO,CODIGO_DOCUMENTO,ID_EMPLEADO,ID_TIPO_DOCUMENTO) VALUES (719,'7711-539623-795-8',599,501);;
INSERT INTO EMPLEADOS_DOCUMENTOS (ID_EMPLEADO_DOCUMENTO,CODIGO_DOCUMENTO,ID_EMPLEADO,ID_TIPO_DOCUMENTO) VALUES (720,'6203-741387-119-0',600,501);;
INSERT INTO EMPLEADOS_DOCUMENTOS (ID_EMPLEADO_DOCUMENTO,CODIGO_DOCUMENTO,ID_EMPLEADO,ID_TIPO_DOCUMENTO) VALUES (721,'5785-949400-399-9',601,501);;
INSERT INTO EMPLEADOS_DOCUMENTOS (ID_EMPLEADO_DOCUMENTO,CODIGO_DOCUMENTO,ID_EMPLEADO,ID_TIPO_DOCUMENTO) VALUES (722,'8275-720513-898-0',602,501);;
INSERT INTO EMPLEADOS_DOCUMENTOS (ID_EMPLEADO_DOCUMENTO,CODIGO_DOCUMENTO,ID_EMPLEADO,ID_TIPO_DOCUMENTO) VALUES (723,'8516-313686-184-3',603,501);;
INSERT INTO EMPLEADOS_DOCUMENTOS (ID_EMPLEADO_DOCUMENTO,CODIGO_DOCUMENTO,ID_EMPLEADO,ID_TIPO_DOCUMENTO) VALUES (724,'1317-330332-685-1',604,501);;
INSERT INTO EMPLEADOS_DOCUMENTOS (ID_EMPLEADO_DOCUMENTO,CODIGO_DOCUMENTO,ID_EMPLEADO,ID_TIPO_DOCUMENTO) VALUES (725,'6275-516355-073-7',605,501);;
INSERT INTO EMPLEADOS_DOCUMENTOS (ID_EMPLEADO_DOCUMENTO,CODIGO_DOCUMENTO,ID_EMPLEADO,ID_TIPO_DOCUMENTO) VALUES (726,'1526-332252-872-4',606,501);;
INSERT INTO EMPLEADOS_DOCUMENTOS (ID_EMPLEADO_DOCUMENTO,CODIGO_DOCUMENTO,ID_EMPLEADO,ID_TIPO_DOCUMENTO) VALUES (727,'7354-631451-517-1',607,501);;
INSERT INTO EMPLEADOS_DOCUMENTOS (ID_EMPLEADO_DOCUMENTO,CODIGO_DOCUMENTO,ID_EMPLEADO,ID_TIPO_DOCUMENTO) VALUES (728,'2878-583609-209-4',608,501);;
INSERT INTO EMPLEADOS_DOCUMENTOS (ID_EMPLEADO_DOCUMENTO,CODIGO_DOCUMENTO,ID_EMPLEADO,ID_TIPO_DOCUMENTO) VALUES (729,'9253-211810-620-0',609,501);;
INSERT INTO EMPLEADOS_DOCUMENTOS (ID_EMPLEADO_DOCUMENTO,CODIGO_DOCUMENTO,ID_EMPLEADO,ID_TIPO_DOCUMENTO) VALUES (730,'0777-149727-490-3',610,501);;
INSERT INTO EMPLEADOS_DOCUMENTOS (ID_EMPLEADO_DOCUMENTO,CODIGO_DOCUMENTO,ID_EMPLEADO,ID_TIPO_DOCUMENTO) VALUES (731,'2810-121856-683-6',611,501);;
INSERT INTO EMPLEADOS_DOCUMENTOS (ID_EMPLEADO_DOCUMENTO,CODIGO_DOCUMENTO,ID_EMPLEADO,ID_TIPO_DOCUMENTO) VALUES (732,'4236-312173-819-1',612,501);;
INSERT INTO EMPLEADOS_DOCUMENTOS (ID_EMPLEADO_DOCUMENTO,CODIGO_DOCUMENTO,ID_EMPLEADO,ID_TIPO_DOCUMENTO) VALUES (733,'9957-204031-618-1',613,501);;
INSERT INTO EMPLEADOS_DOCUMENTOS (ID_EMPLEADO_DOCUMENTO,CODIGO_DOCUMENTO,ID_EMPLEADO,ID_TIPO_DOCUMENTO) VALUES (734,'8527-798462-395-7',614,501);;
INSERT INTO EMPLEADOS_DOCUMENTOS (ID_EMPLEADO_DOCUMENTO,CODIGO_DOCUMENTO,ID_EMPLEADO,ID_TIPO_DOCUMENTO) VALUES (735,'2800-886966-073-1',615,501);;
INSERT INTO EMPLEADOS_DOCUMENTOS (ID_EMPLEADO_DOCUMENTO,CODIGO_DOCUMENTO,ID_EMPLEADO,ID_TIPO_DOCUMENTO) VALUES (736,'2172-310003-877-2',616,501);;
INSERT INTO EMPLEADOS_DOCUMENTOS (ID_EMPLEADO_DOCUMENTO,CODIGO_DOCUMENTO,ID_EMPLEADO,ID_TIPO_DOCUMENTO) VALUES (737,'7011-966524-223-7',617,501);;
INSERT INTO EMPLEADOS_DOCUMENTOS (ID_EMPLEADO_DOCUMENTO,CODIGO_DOCUMENTO,ID_EMPLEADO,ID_TIPO_DOCUMENTO) VALUES (738,'1965-756168-731-7',618,501);;
INSERT INTO EMPLEADOS_DOCUMENTOS (ID_EMPLEADO_DOCUMENTO,CODIGO_DOCUMENTO,ID_EMPLEADO,ID_TIPO_DOCUMENTO) VALUES (739,'1805-453082-221-9',619,501);;

/* NUP */
INSERT INTO EMPLEADOS_DOCUMENTOS (ID_EMPLEADO_DOCUMENTO,CODIGO_DOCUMENTO,ID_EMPLEADO,ID_TIPO_DOCUMENTO) VALUES (740,'788061266714',500,502);;
INSERT INTO EMPLEADOS_DOCUMENTOS (ID_EMPLEADO_DOCUMENTO,CODIGO_DOCUMENTO,ID_EMPLEADO,ID_TIPO_DOCUMENTO) VALUES (741,'294221981693',501,502);;
INSERT INTO EMPLEADOS_DOCUMENTOS (ID_EMPLEADO_DOCUMENTO,CODIGO_DOCUMENTO,ID_EMPLEADO,ID_TIPO_DOCUMENTO) VALUES (742,'235101211454',502,502);;
INSERT INTO EMPLEADOS_DOCUMENTOS (ID_EMPLEADO_DOCUMENTO,CODIGO_DOCUMENTO,ID_EMPLEADO,ID_TIPO_DOCUMENTO) VALUES (743,'755175487790',503,502);;
INSERT INTO EMPLEADOS_DOCUMENTOS (ID_EMPLEADO_DOCUMENTO,CODIGO_DOCUMENTO,ID_EMPLEADO,ID_TIPO_DOCUMENTO) VALUES (744,'294339639386',504,502);;
INSERT INTO EMPLEADOS_DOCUMENTOS (ID_EMPLEADO_DOCUMENTO,CODIGO_DOCUMENTO,ID_EMPLEADO,ID_TIPO_DOCUMENTO) VALUES (745,'216275325896',505,502);;
INSERT INTO EMPLEADOS_DOCUMENTOS (ID_EMPLEADO_DOCUMENTO,CODIGO_DOCUMENTO,ID_EMPLEADO,ID_TIPO_DOCUMENTO) VALUES (746,'827272999270',506,502);;
INSERT INTO EMPLEADOS_DOCUMENTOS (ID_EMPLEADO_DOCUMENTO,CODIGO_DOCUMENTO,ID_EMPLEADO,ID_TIPO_DOCUMENTO) VALUES (747,'012462287124',507,502);;
INSERT INTO EMPLEADOS_DOCUMENTOS (ID_EMPLEADO_DOCUMENTO,CODIGO_DOCUMENTO,ID_EMPLEADO,ID_TIPO_DOCUMENTO) VALUES (748,'109172360631',508,502);;
INSERT INTO EMPLEADOS_DOCUMENTOS (ID_EMPLEADO_DOCUMENTO,CODIGO_DOCUMENTO,ID_EMPLEADO,ID_TIPO_DOCUMENTO) VALUES (749,'942497605791',509,502);;
INSERT INTO EMPLEADOS_DOCUMENTOS (ID_EMPLEADO_DOCUMENTO,CODIGO_DOCUMENTO,ID_EMPLEADO,ID_TIPO_DOCUMENTO) VALUES (750,'554159546363',510,502);;
INSERT INTO EMPLEADOS_DOCUMENTOS (ID_EMPLEADO_DOCUMENTO,CODIGO_DOCUMENTO,ID_EMPLEADO,ID_TIPO_DOCUMENTO) VALUES (751,'595644635797',511,502);;
INSERT INTO EMPLEADOS_DOCUMENTOS (ID_EMPLEADO_DOCUMENTO,CODIGO_DOCUMENTO,ID_EMPLEADO,ID_TIPO_DOCUMENTO) VALUES (752,'742453638481',512,502);;
INSERT INTO EMPLEADOS_DOCUMENTOS (ID_EMPLEADO_DOCUMENTO,CODIGO_DOCUMENTO,ID_EMPLEADO,ID_TIPO_DOCUMENTO) VALUES (753,'693322139267',513,502);;
INSERT INTO EMPLEADOS_DOCUMENTOS (ID_EMPLEADO_DOCUMENTO,CODIGO_DOCUMENTO,ID_EMPLEADO,ID_TIPO_DOCUMENTO) VALUES (754,'561011839423',514,502);;
INSERT INTO EMPLEADOS_DOCUMENTOS (ID_EMPLEADO_DOCUMENTO,CODIGO_DOCUMENTO,ID_EMPLEADO,ID_TIPO_DOCUMENTO) VALUES (755,'039528554466',515,502);;
INSERT INTO EMPLEADOS_DOCUMENTOS (ID_EMPLEADO_DOCUMENTO,CODIGO_DOCUMENTO,ID_EMPLEADO,ID_TIPO_DOCUMENTO) VALUES (756,'811339477884',516,502);;
INSERT INTO EMPLEADOS_DOCUMENTOS (ID_EMPLEADO_DOCUMENTO,CODIGO_DOCUMENTO,ID_EMPLEADO,ID_TIPO_DOCUMENTO) VALUES (757,'485482442273',517,502);;
INSERT INTO EMPLEADOS_DOCUMENTOS (ID_EMPLEADO_DOCUMENTO,CODIGO_DOCUMENTO,ID_EMPLEADO,ID_TIPO_DOCUMENTO) VALUES (758,'115624863210',518,502);;
INSERT INTO EMPLEADOS_DOCUMENTOS (ID_EMPLEADO_DOCUMENTO,CODIGO_DOCUMENTO,ID_EMPLEADO,ID_TIPO_DOCUMENTO) VALUES (759,'146085305960',519,502);;
INSERT INTO EMPLEADOS_DOCUMENTOS (ID_EMPLEADO_DOCUMENTO,CODIGO_DOCUMENTO,ID_EMPLEADO,ID_TIPO_DOCUMENTO) VALUES (760,'717277423681',520,502);;
INSERT INTO EMPLEADOS_DOCUMENTOS (ID_EMPLEADO_DOCUMENTO,CODIGO_DOCUMENTO,ID_EMPLEADO,ID_TIPO_DOCUMENTO) VALUES (761,'604359513787',521,502);;
INSERT INTO EMPLEADOS_DOCUMENTOS (ID_EMPLEADO_DOCUMENTO,CODIGO_DOCUMENTO,ID_EMPLEADO,ID_TIPO_DOCUMENTO) VALUES (762,'506492294401',522,502);;
INSERT INTO EMPLEADOS_DOCUMENTOS (ID_EMPLEADO_DOCUMENTO,CODIGO_DOCUMENTO,ID_EMPLEADO,ID_TIPO_DOCUMENTO) VALUES (763,'383977436534',523,502);;
INSERT INTO EMPLEADOS_DOCUMENTOS (ID_EMPLEADO_DOCUMENTO,CODIGO_DOCUMENTO,ID_EMPLEADO,ID_TIPO_DOCUMENTO) VALUES (764,'299657933703',524,502);;
INSERT INTO EMPLEADOS_DOCUMENTOS (ID_EMPLEADO_DOCUMENTO,CODIGO_DOCUMENTO,ID_EMPLEADO,ID_TIPO_DOCUMENTO) VALUES (765,'583555803621',525,502);;
INSERT INTO EMPLEADOS_DOCUMENTOS (ID_EMPLEADO_DOCUMENTO,CODIGO_DOCUMENTO,ID_EMPLEADO,ID_TIPO_DOCUMENTO) VALUES (766,'062927352361',526,502);;
INSERT INTO EMPLEADOS_DOCUMENTOS (ID_EMPLEADO_DOCUMENTO,CODIGO_DOCUMENTO,ID_EMPLEADO,ID_TIPO_DOCUMENTO) VALUES (767,'217154470531',527,502);;
INSERT INTO EMPLEADOS_DOCUMENTOS (ID_EMPLEADO_DOCUMENTO,CODIGO_DOCUMENTO,ID_EMPLEADO,ID_TIPO_DOCUMENTO) VALUES (768,'675247338278',528,502);;
INSERT INTO EMPLEADOS_DOCUMENTOS (ID_EMPLEADO_DOCUMENTO,CODIGO_DOCUMENTO,ID_EMPLEADO,ID_TIPO_DOCUMENTO) VALUES (769,'131513622984',529,502);;
INSERT INTO EMPLEADOS_DOCUMENTOS (ID_EMPLEADO_DOCUMENTO,CODIGO_DOCUMENTO,ID_EMPLEADO,ID_TIPO_DOCUMENTO) VALUES (770,'187379179527',530,502);;
INSERT INTO EMPLEADOS_DOCUMENTOS (ID_EMPLEADO_DOCUMENTO,CODIGO_DOCUMENTO,ID_EMPLEADO,ID_TIPO_DOCUMENTO) VALUES (771,'719137134927',531,502);;
INSERT INTO EMPLEADOS_DOCUMENTOS (ID_EMPLEADO_DOCUMENTO,CODIGO_DOCUMENTO,ID_EMPLEADO,ID_TIPO_DOCUMENTO) VALUES (772,'932061270546',532,502);;
INSERT INTO EMPLEADOS_DOCUMENTOS (ID_EMPLEADO_DOCUMENTO,CODIGO_DOCUMENTO,ID_EMPLEADO,ID_TIPO_DOCUMENTO) VALUES (773,'527487646603',533,502);;
INSERT INTO EMPLEADOS_DOCUMENTOS (ID_EMPLEADO_DOCUMENTO,CODIGO_DOCUMENTO,ID_EMPLEADO,ID_TIPO_DOCUMENTO) VALUES (774,'391425094611',534,502);;
INSERT INTO EMPLEADOS_DOCUMENTOS (ID_EMPLEADO_DOCUMENTO,CODIGO_DOCUMENTO,ID_EMPLEADO,ID_TIPO_DOCUMENTO) VALUES (775,'294642117857',535,502);;
INSERT INTO EMPLEADOS_DOCUMENTOS (ID_EMPLEADO_DOCUMENTO,CODIGO_DOCUMENTO,ID_EMPLEADO,ID_TIPO_DOCUMENTO) VALUES (776,'851420530516',536,502);;
INSERT INTO EMPLEADOS_DOCUMENTOS (ID_EMPLEADO_DOCUMENTO,CODIGO_DOCUMENTO,ID_EMPLEADO,ID_TIPO_DOCUMENTO) VALUES (777,'782564552314',537,502);;
INSERT INTO EMPLEADOS_DOCUMENTOS (ID_EMPLEADO_DOCUMENTO,CODIGO_DOCUMENTO,ID_EMPLEADO,ID_TIPO_DOCUMENTO) VALUES (778,'395556267518',538,502);;
INSERT INTO EMPLEADOS_DOCUMENTOS (ID_EMPLEADO_DOCUMENTO,CODIGO_DOCUMENTO,ID_EMPLEADO,ID_TIPO_DOCUMENTO) VALUES (779,'528924857877',539,502);;
INSERT INTO EMPLEADOS_DOCUMENTOS (ID_EMPLEADO_DOCUMENTO,CODIGO_DOCUMENTO,ID_EMPLEADO,ID_TIPO_DOCUMENTO) VALUES (780,'453859987219',540,502);;
INSERT INTO EMPLEADOS_DOCUMENTOS (ID_EMPLEADO_DOCUMENTO,CODIGO_DOCUMENTO,ID_EMPLEADO,ID_TIPO_DOCUMENTO) VALUES (781,'184088070157',541,502);;
INSERT INTO EMPLEADOS_DOCUMENTOS (ID_EMPLEADO_DOCUMENTO,CODIGO_DOCUMENTO,ID_EMPLEADO,ID_TIPO_DOCUMENTO) VALUES (782,'604335633815',542,502);;
INSERT INTO EMPLEADOS_DOCUMENTOS (ID_EMPLEADO_DOCUMENTO,CODIGO_DOCUMENTO,ID_EMPLEADO,ID_TIPO_DOCUMENTO) VALUES (783,'314281868066',543,502);;
INSERT INTO EMPLEADOS_DOCUMENTOS (ID_EMPLEADO_DOCUMENTO,CODIGO_DOCUMENTO,ID_EMPLEADO,ID_TIPO_DOCUMENTO) VALUES (784,'685559148039',544,502);;
INSERT INTO EMPLEADOS_DOCUMENTOS (ID_EMPLEADO_DOCUMENTO,CODIGO_DOCUMENTO,ID_EMPLEADO,ID_TIPO_DOCUMENTO) VALUES (785,'359447868719',545,502);;
INSERT INTO EMPLEADOS_DOCUMENTOS (ID_EMPLEADO_DOCUMENTO,CODIGO_DOCUMENTO,ID_EMPLEADO,ID_TIPO_DOCUMENTO) VALUES (786,'379726442691',546,502);;
INSERT INTO EMPLEADOS_DOCUMENTOS (ID_EMPLEADO_DOCUMENTO,CODIGO_DOCUMENTO,ID_EMPLEADO,ID_TIPO_DOCUMENTO) VALUES (787,'684617395811',547,502);;
INSERT INTO EMPLEADOS_DOCUMENTOS (ID_EMPLEADO_DOCUMENTO,CODIGO_DOCUMENTO,ID_EMPLEADO,ID_TIPO_DOCUMENTO) VALUES (788,'851686788556',548,502);;
INSERT INTO EMPLEADOS_DOCUMENTOS (ID_EMPLEADO_DOCUMENTO,CODIGO_DOCUMENTO,ID_EMPLEADO,ID_TIPO_DOCUMENTO) VALUES (789,'745440402395',549,502);;
INSERT INTO EMPLEADOS_DOCUMENTOS (ID_EMPLEADO_DOCUMENTO,CODIGO_DOCUMENTO,ID_EMPLEADO,ID_TIPO_DOCUMENTO) VALUES (790,'184657746989',550,502);;
INSERT INTO EMPLEADOS_DOCUMENTOS (ID_EMPLEADO_DOCUMENTO,CODIGO_DOCUMENTO,ID_EMPLEADO,ID_TIPO_DOCUMENTO) VALUES (791,'365462515268',551,502);;
INSERT INTO EMPLEADOS_DOCUMENTOS (ID_EMPLEADO_DOCUMENTO,CODIGO_DOCUMENTO,ID_EMPLEADO,ID_TIPO_DOCUMENTO) VALUES (792,'188557848942',552,502);;
INSERT INTO EMPLEADOS_DOCUMENTOS (ID_EMPLEADO_DOCUMENTO,CODIGO_DOCUMENTO,ID_EMPLEADO,ID_TIPO_DOCUMENTO) VALUES (793,'240313791924',553,502);;
INSERT INTO EMPLEADOS_DOCUMENTOS (ID_EMPLEADO_DOCUMENTO,CODIGO_DOCUMENTO,ID_EMPLEADO,ID_TIPO_DOCUMENTO) VALUES (794,'777183051982',554,502);;
INSERT INTO EMPLEADOS_DOCUMENTOS (ID_EMPLEADO_DOCUMENTO,CODIGO_DOCUMENTO,ID_EMPLEADO,ID_TIPO_DOCUMENTO) VALUES (795,'383981344514',555,502);;
INSERT INTO EMPLEADOS_DOCUMENTOS (ID_EMPLEADO_DOCUMENTO,CODIGO_DOCUMENTO,ID_EMPLEADO,ID_TIPO_DOCUMENTO) VALUES (796,'750715269572',556,502);;
INSERT INTO EMPLEADOS_DOCUMENTOS (ID_EMPLEADO_DOCUMENTO,CODIGO_DOCUMENTO,ID_EMPLEADO,ID_TIPO_DOCUMENTO) VALUES (797,'617177055728',557,502);;
INSERT INTO EMPLEADOS_DOCUMENTOS (ID_EMPLEADO_DOCUMENTO,CODIGO_DOCUMENTO,ID_EMPLEADO,ID_TIPO_DOCUMENTO) VALUES (798,'161022198698',558,502);;
INSERT INTO EMPLEADOS_DOCUMENTOS (ID_EMPLEADO_DOCUMENTO,CODIGO_DOCUMENTO,ID_EMPLEADO,ID_TIPO_DOCUMENTO) VALUES (799,'527586655900',559,502);;
INSERT INTO EMPLEADOS_DOCUMENTOS (ID_EMPLEADO_DOCUMENTO,CODIGO_DOCUMENTO,ID_EMPLEADO,ID_TIPO_DOCUMENTO) VALUES (800,'217209584860',560,502);;
INSERT INTO EMPLEADOS_DOCUMENTOS (ID_EMPLEADO_DOCUMENTO,CODIGO_DOCUMENTO,ID_EMPLEADO,ID_TIPO_DOCUMENTO) VALUES (801,'544240179860',561,502);;
INSERT INTO EMPLEADOS_DOCUMENTOS (ID_EMPLEADO_DOCUMENTO,CODIGO_DOCUMENTO,ID_EMPLEADO,ID_TIPO_DOCUMENTO) VALUES (802,'601986809344',562,502);;
INSERT INTO EMPLEADOS_DOCUMENTOS (ID_EMPLEADO_DOCUMENTO,CODIGO_DOCUMENTO,ID_EMPLEADO,ID_TIPO_DOCUMENTO) VALUES (803,'528809795122',563,502);;
INSERT INTO EMPLEADOS_DOCUMENTOS (ID_EMPLEADO_DOCUMENTO,CODIGO_DOCUMENTO,ID_EMPLEADO,ID_TIPO_DOCUMENTO) VALUES (804,'104148552772',564,502);;
INSERT INTO EMPLEADOS_DOCUMENTOS (ID_EMPLEADO_DOCUMENTO,CODIGO_DOCUMENTO,ID_EMPLEADO,ID_TIPO_DOCUMENTO) VALUES (805,'315003982487',565,502);;
INSERT INTO EMPLEADOS_DOCUMENTOS (ID_EMPLEADO_DOCUMENTO,CODIGO_DOCUMENTO,ID_EMPLEADO,ID_TIPO_DOCUMENTO) VALUES (806,'958721065880',566,502);;
INSERT INTO EMPLEADOS_DOCUMENTOS (ID_EMPLEADO_DOCUMENTO,CODIGO_DOCUMENTO,ID_EMPLEADO,ID_TIPO_DOCUMENTO) VALUES (807,'194102260557',567,502);;
INSERT INTO EMPLEADOS_DOCUMENTOS (ID_EMPLEADO_DOCUMENTO,CODIGO_DOCUMENTO,ID_EMPLEADO,ID_TIPO_DOCUMENTO) VALUES (808,'719299489091',568,502);;
INSERT INTO EMPLEADOS_DOCUMENTOS (ID_EMPLEADO_DOCUMENTO,CODIGO_DOCUMENTO,ID_EMPLEADO,ID_TIPO_DOCUMENTO) VALUES (809,'052551735933',569,502);;
INSERT INTO EMPLEADOS_DOCUMENTOS (ID_EMPLEADO_DOCUMENTO,CODIGO_DOCUMENTO,ID_EMPLEADO,ID_TIPO_DOCUMENTO) VALUES (810,'193221164447',570,502);;
INSERT INTO EMPLEADOS_DOCUMENTOS (ID_EMPLEADO_DOCUMENTO,CODIGO_DOCUMENTO,ID_EMPLEADO,ID_TIPO_DOCUMENTO) VALUES (811,'981599765083',571,502);;
INSERT INTO EMPLEADOS_DOCUMENTOS (ID_EMPLEADO_DOCUMENTO,CODIGO_DOCUMENTO,ID_EMPLEADO,ID_TIPO_DOCUMENTO) VALUES (812,'522617968086',572,502);;
INSERT INTO EMPLEADOS_DOCUMENTOS (ID_EMPLEADO_DOCUMENTO,CODIGO_DOCUMENTO,ID_EMPLEADO,ID_TIPO_DOCUMENTO) VALUES (813,'066028660686',573,502);;
INSERT INTO EMPLEADOS_DOCUMENTOS (ID_EMPLEADO_DOCUMENTO,CODIGO_DOCUMENTO,ID_EMPLEADO,ID_TIPO_DOCUMENTO) VALUES (814,'671433194774',574,502);;
INSERT INTO EMPLEADOS_DOCUMENTOS (ID_EMPLEADO_DOCUMENTO,CODIGO_DOCUMENTO,ID_EMPLEADO,ID_TIPO_DOCUMENTO) VALUES (815,'849445262661',575,502);;
INSERT INTO EMPLEADOS_DOCUMENTOS (ID_EMPLEADO_DOCUMENTO,CODIGO_DOCUMENTO,ID_EMPLEADO,ID_TIPO_DOCUMENTO) VALUES (816,'293500425323',576,502);;
INSERT INTO EMPLEADOS_DOCUMENTOS (ID_EMPLEADO_DOCUMENTO,CODIGO_DOCUMENTO,ID_EMPLEADO,ID_TIPO_DOCUMENTO) VALUES (817,'397921398099',577,502);;
INSERT INTO EMPLEADOS_DOCUMENTOS (ID_EMPLEADO_DOCUMENTO,CODIGO_DOCUMENTO,ID_EMPLEADO,ID_TIPO_DOCUMENTO) VALUES (818,'443716728507',578,502);;
INSERT INTO EMPLEADOS_DOCUMENTOS (ID_EMPLEADO_DOCUMENTO,CODIGO_DOCUMENTO,ID_EMPLEADO,ID_TIPO_DOCUMENTO) VALUES (819,'727173760925',579,502);;
INSERT INTO EMPLEADOS_DOCUMENTOS (ID_EMPLEADO_DOCUMENTO,CODIGO_DOCUMENTO,ID_EMPLEADO,ID_TIPO_DOCUMENTO) VALUES (820,'394098818674',580,502);;
INSERT INTO EMPLEADOS_DOCUMENTOS (ID_EMPLEADO_DOCUMENTO,CODIGO_DOCUMENTO,ID_EMPLEADO,ID_TIPO_DOCUMENTO) VALUES (821,'563189158420',581,502);;
INSERT INTO EMPLEADOS_DOCUMENTOS (ID_EMPLEADO_DOCUMENTO,CODIGO_DOCUMENTO,ID_EMPLEADO,ID_TIPO_DOCUMENTO) VALUES (822,'296935136377',582,502);;
INSERT INTO EMPLEADOS_DOCUMENTOS (ID_EMPLEADO_DOCUMENTO,CODIGO_DOCUMENTO,ID_EMPLEADO,ID_TIPO_DOCUMENTO) VALUES (823,'607122272208',583,502);;
INSERT INTO EMPLEADOS_DOCUMENTOS (ID_EMPLEADO_DOCUMENTO,CODIGO_DOCUMENTO,ID_EMPLEADO,ID_TIPO_DOCUMENTO) VALUES (824,'673574629120',584,502);;
INSERT INTO EMPLEADOS_DOCUMENTOS (ID_EMPLEADO_DOCUMENTO,CODIGO_DOCUMENTO,ID_EMPLEADO,ID_TIPO_DOCUMENTO) VALUES (825,'980911562764',585,502);;
INSERT INTO EMPLEADOS_DOCUMENTOS (ID_EMPLEADO_DOCUMENTO,CODIGO_DOCUMENTO,ID_EMPLEADO,ID_TIPO_DOCUMENTO) VALUES (826,'457840654835',586,502);;
INSERT INTO EMPLEADOS_DOCUMENTOS (ID_EMPLEADO_DOCUMENTO,CODIGO_DOCUMENTO,ID_EMPLEADO,ID_TIPO_DOCUMENTO) VALUES (827,'310336561290',587,502);;
INSERT INTO EMPLEADOS_DOCUMENTOS (ID_EMPLEADO_DOCUMENTO,CODIGO_DOCUMENTO,ID_EMPLEADO,ID_TIPO_DOCUMENTO) VALUES (828,'553516169803',588,502);;
INSERT INTO EMPLEADOS_DOCUMENTOS (ID_EMPLEADO_DOCUMENTO,CODIGO_DOCUMENTO,ID_EMPLEADO,ID_TIPO_DOCUMENTO) VALUES (829,'794536061233',589,502);;
INSERT INTO EMPLEADOS_DOCUMENTOS (ID_EMPLEADO_DOCUMENTO,CODIGO_DOCUMENTO,ID_EMPLEADO,ID_TIPO_DOCUMENTO) VALUES (830,'636774290977',590,502);;
INSERT INTO EMPLEADOS_DOCUMENTOS (ID_EMPLEADO_DOCUMENTO,CODIGO_DOCUMENTO,ID_EMPLEADO,ID_TIPO_DOCUMENTO) VALUES (831,'064898209874',591,502);;
INSERT INTO EMPLEADOS_DOCUMENTOS (ID_EMPLEADO_DOCUMENTO,CODIGO_DOCUMENTO,ID_EMPLEADO,ID_TIPO_DOCUMENTO) VALUES (832,'129372451185',592,502);;
INSERT INTO EMPLEADOS_DOCUMENTOS (ID_EMPLEADO_DOCUMENTO,CODIGO_DOCUMENTO,ID_EMPLEADO,ID_TIPO_DOCUMENTO) VALUES (833,'027598265431',593,502);;
INSERT INTO EMPLEADOS_DOCUMENTOS (ID_EMPLEADO_DOCUMENTO,CODIGO_DOCUMENTO,ID_EMPLEADO,ID_TIPO_DOCUMENTO) VALUES (834,'486823864212',594,502);;
INSERT INTO EMPLEADOS_DOCUMENTOS (ID_EMPLEADO_DOCUMENTO,CODIGO_DOCUMENTO,ID_EMPLEADO,ID_TIPO_DOCUMENTO) VALUES (835,'187712705638',595,502);;
INSERT INTO EMPLEADOS_DOCUMENTOS (ID_EMPLEADO_DOCUMENTO,CODIGO_DOCUMENTO,ID_EMPLEADO,ID_TIPO_DOCUMENTO) VALUES (836,'700614457887',596,502);;
INSERT INTO EMPLEADOS_DOCUMENTOS (ID_EMPLEADO_DOCUMENTO,CODIGO_DOCUMENTO,ID_EMPLEADO,ID_TIPO_DOCUMENTO) VALUES (837,'643200896160',597,502);;
INSERT INTO EMPLEADOS_DOCUMENTOS (ID_EMPLEADO_DOCUMENTO,CODIGO_DOCUMENTO,ID_EMPLEADO,ID_TIPO_DOCUMENTO) VALUES (838,'802646602994',598,502);;
INSERT INTO EMPLEADOS_DOCUMENTOS (ID_EMPLEADO_DOCUMENTO,CODIGO_DOCUMENTO,ID_EMPLEADO,ID_TIPO_DOCUMENTO) VALUES (839,'971123042822',599,502);;
INSERT INTO EMPLEADOS_DOCUMENTOS (ID_EMPLEADO_DOCUMENTO,CODIGO_DOCUMENTO,ID_EMPLEADO,ID_TIPO_DOCUMENTO) VALUES (840,'069836770556',600,502);;
INSERT INTO EMPLEADOS_DOCUMENTOS (ID_EMPLEADO_DOCUMENTO,CODIGO_DOCUMENTO,ID_EMPLEADO,ID_TIPO_DOCUMENTO) VALUES (841,'610676609674',601,502);;
INSERT INTO EMPLEADOS_DOCUMENTOS (ID_EMPLEADO_DOCUMENTO,CODIGO_DOCUMENTO,ID_EMPLEADO,ID_TIPO_DOCUMENTO) VALUES (842,'612276052987',602,502);;
INSERT INTO EMPLEADOS_DOCUMENTOS (ID_EMPLEADO_DOCUMENTO,CODIGO_DOCUMENTO,ID_EMPLEADO,ID_TIPO_DOCUMENTO) VALUES (843,'635380104883',603,502);;
INSERT INTO EMPLEADOS_DOCUMENTOS (ID_EMPLEADO_DOCUMENTO,CODIGO_DOCUMENTO,ID_EMPLEADO,ID_TIPO_DOCUMENTO) VALUES (844,'808559295317',604,502);;
INSERT INTO EMPLEADOS_DOCUMENTOS (ID_EMPLEADO_DOCUMENTO,CODIGO_DOCUMENTO,ID_EMPLEADO,ID_TIPO_DOCUMENTO) VALUES (845,'638788022755',605,502);;
INSERT INTO EMPLEADOS_DOCUMENTOS (ID_EMPLEADO_DOCUMENTO,CODIGO_DOCUMENTO,ID_EMPLEADO,ID_TIPO_DOCUMENTO) VALUES (846,'109607562870',606,502);;
INSERT INTO EMPLEADOS_DOCUMENTOS (ID_EMPLEADO_DOCUMENTO,CODIGO_DOCUMENTO,ID_EMPLEADO,ID_TIPO_DOCUMENTO) VALUES (847,'630344751369',607,502);;
INSERT INTO EMPLEADOS_DOCUMENTOS (ID_EMPLEADO_DOCUMENTO,CODIGO_DOCUMENTO,ID_EMPLEADO,ID_TIPO_DOCUMENTO) VALUES (848,'334421975227',608,502);;
INSERT INTO EMPLEADOS_DOCUMENTOS (ID_EMPLEADO_DOCUMENTO,CODIGO_DOCUMENTO,ID_EMPLEADO,ID_TIPO_DOCUMENTO) VALUES (849,'661044245830',609,502);;
INSERT INTO EMPLEADOS_DOCUMENTOS (ID_EMPLEADO_DOCUMENTO,CODIGO_DOCUMENTO,ID_EMPLEADO,ID_TIPO_DOCUMENTO) VALUES (850,'604883290523',610,502);;
INSERT INTO EMPLEADOS_DOCUMENTOS (ID_EMPLEADO_DOCUMENTO,CODIGO_DOCUMENTO,ID_EMPLEADO,ID_TIPO_DOCUMENTO) VALUES (851,'445632758494',611,502);;
INSERT INTO EMPLEADOS_DOCUMENTOS (ID_EMPLEADO_DOCUMENTO,CODIGO_DOCUMENTO,ID_EMPLEADO,ID_TIPO_DOCUMENTO) VALUES (852,'603683592021',612,502);;
INSERT INTO EMPLEADOS_DOCUMENTOS (ID_EMPLEADO_DOCUMENTO,CODIGO_DOCUMENTO,ID_EMPLEADO,ID_TIPO_DOCUMENTO) VALUES (853,'458282795628',613,502);;
INSERT INTO EMPLEADOS_DOCUMENTOS (ID_EMPLEADO_DOCUMENTO,CODIGO_DOCUMENTO,ID_EMPLEADO,ID_TIPO_DOCUMENTO) VALUES (854,'377561273678',614,502);;
INSERT INTO EMPLEADOS_DOCUMENTOS (ID_EMPLEADO_DOCUMENTO,CODIGO_DOCUMENTO,ID_EMPLEADO,ID_TIPO_DOCUMENTO) VALUES (855,'060854228521',615,502);;
INSERT INTO EMPLEADOS_DOCUMENTOS (ID_EMPLEADO_DOCUMENTO,CODIGO_DOCUMENTO,ID_EMPLEADO,ID_TIPO_DOCUMENTO) VALUES (856,'514410267161',616,502);;
INSERT INTO EMPLEADOS_DOCUMENTOS (ID_EMPLEADO_DOCUMENTO,CODIGO_DOCUMENTO,ID_EMPLEADO,ID_TIPO_DOCUMENTO) VALUES (857,'927834787462',617,502);;
INSERT INTO EMPLEADOS_DOCUMENTOS (ID_EMPLEADO_DOCUMENTO,CODIGO_DOCUMENTO,ID_EMPLEADO,ID_TIPO_DOCUMENTO) VALUES (858,'387841547858',618,502);;
INSERT INTO EMPLEADOS_DOCUMENTOS (ID_EMPLEADO_DOCUMENTO,CODIGO_DOCUMENTO,ID_EMPLEADO,ID_TIPO_DOCUMENTO) VALUES (859,'503463158626',619,502);;

/* ISSS */
INSERT INTO EMPLEADOS_DOCUMENTOS (ID_EMPLEADO_DOCUMENTO,CODIGO_DOCUMENTO,ID_EMPLEADO,ID_TIPO_DOCUMENTO) VALUES (860,'290548149',500,503);;
INSERT INTO EMPLEADOS_DOCUMENTOS (ID_EMPLEADO_DOCUMENTO,CODIGO_DOCUMENTO,ID_EMPLEADO,ID_TIPO_DOCUMENTO) VALUES (861,'767171605',501,503);;
INSERT INTO EMPLEADOS_DOCUMENTOS (ID_EMPLEADO_DOCUMENTO,CODIGO_DOCUMENTO,ID_EMPLEADO,ID_TIPO_DOCUMENTO) VALUES (862,'771785670',502,503);;
INSERT INTO EMPLEADOS_DOCUMENTOS (ID_EMPLEADO_DOCUMENTO,CODIGO_DOCUMENTO,ID_EMPLEADO,ID_TIPO_DOCUMENTO) VALUES (863,'245657445',503,503);;
INSERT INTO EMPLEADOS_DOCUMENTOS (ID_EMPLEADO_DOCUMENTO,CODIGO_DOCUMENTO,ID_EMPLEADO,ID_TIPO_DOCUMENTO) VALUES (864,'135033367',504,503);;
INSERT INTO EMPLEADOS_DOCUMENTOS (ID_EMPLEADO_DOCUMENTO,CODIGO_DOCUMENTO,ID_EMPLEADO,ID_TIPO_DOCUMENTO) VALUES (865,'444160216',505,503);;
INSERT INTO EMPLEADOS_DOCUMENTOS (ID_EMPLEADO_DOCUMENTO,CODIGO_DOCUMENTO,ID_EMPLEADO,ID_TIPO_DOCUMENTO) VALUES (866,'217035850',506,503);;
INSERT INTO EMPLEADOS_DOCUMENTOS (ID_EMPLEADO_DOCUMENTO,CODIGO_DOCUMENTO,ID_EMPLEADO,ID_TIPO_DOCUMENTO) VALUES (867,'042162009',507,503);;
INSERT INTO EMPLEADOS_DOCUMENTOS (ID_EMPLEADO_DOCUMENTO,CODIGO_DOCUMENTO,ID_EMPLEADO,ID_TIPO_DOCUMENTO) VALUES (868,'134122205',508,503);;
INSERT INTO EMPLEADOS_DOCUMENTOS (ID_EMPLEADO_DOCUMENTO,CODIGO_DOCUMENTO,ID_EMPLEADO,ID_TIPO_DOCUMENTO) VALUES (869,'702928943',509,503);;
INSERT INTO EMPLEADOS_DOCUMENTOS (ID_EMPLEADO_DOCUMENTO,CODIGO_DOCUMENTO,ID_EMPLEADO,ID_TIPO_DOCUMENTO) VALUES (870,'719419088',510,503);;
INSERT INTO EMPLEADOS_DOCUMENTOS (ID_EMPLEADO_DOCUMENTO,CODIGO_DOCUMENTO,ID_EMPLEADO,ID_TIPO_DOCUMENTO) VALUES (871,'657216738',511,503);;
INSERT INTO EMPLEADOS_DOCUMENTOS (ID_EMPLEADO_DOCUMENTO,CODIGO_DOCUMENTO,ID_EMPLEADO,ID_TIPO_DOCUMENTO) VALUES (872,'453543840',512,503);;
INSERT INTO EMPLEADOS_DOCUMENTOS (ID_EMPLEADO_DOCUMENTO,CODIGO_DOCUMENTO,ID_EMPLEADO,ID_TIPO_DOCUMENTO) VALUES (873,'262373192',513,503);;
INSERT INTO EMPLEADOS_DOCUMENTOS (ID_EMPLEADO_DOCUMENTO,CODIGO_DOCUMENTO,ID_EMPLEADO,ID_TIPO_DOCUMENTO) VALUES (874,'455046220',514,503);;
INSERT INTO EMPLEADOS_DOCUMENTOS (ID_EMPLEADO_DOCUMENTO,CODIGO_DOCUMENTO,ID_EMPLEADO,ID_TIPO_DOCUMENTO) VALUES (875,'577424058',515,503);;
INSERT INTO EMPLEADOS_DOCUMENTOS (ID_EMPLEADO_DOCUMENTO,CODIGO_DOCUMENTO,ID_EMPLEADO,ID_TIPO_DOCUMENTO) VALUES (876,'506826755',516,503);;
INSERT INTO EMPLEADOS_DOCUMENTOS (ID_EMPLEADO_DOCUMENTO,CODIGO_DOCUMENTO,ID_EMPLEADO,ID_TIPO_DOCUMENTO) VALUES (877,'308700418',517,503);;
INSERT INTO EMPLEADOS_DOCUMENTOS (ID_EMPLEADO_DOCUMENTO,CODIGO_DOCUMENTO,ID_EMPLEADO,ID_TIPO_DOCUMENTO) VALUES (878,'110205752',518,503);;
INSERT INTO EMPLEADOS_DOCUMENTOS (ID_EMPLEADO_DOCUMENTO,CODIGO_DOCUMENTO,ID_EMPLEADO,ID_TIPO_DOCUMENTO) VALUES (879,'382416708',519,503);;
INSERT INTO EMPLEADOS_DOCUMENTOS (ID_EMPLEADO_DOCUMENTO,CODIGO_DOCUMENTO,ID_EMPLEADO,ID_TIPO_DOCUMENTO) VALUES (880,'595878920',520,503);;
INSERT INTO EMPLEADOS_DOCUMENTOS (ID_EMPLEADO_DOCUMENTO,CODIGO_DOCUMENTO,ID_EMPLEADO,ID_TIPO_DOCUMENTO) VALUES (881,'168796174',521,503);;
INSERT INTO EMPLEADOS_DOCUMENTOS (ID_EMPLEADO_DOCUMENTO,CODIGO_DOCUMENTO,ID_EMPLEADO,ID_TIPO_DOCUMENTO) VALUES (882,'718550615',522,503);;
INSERT INTO EMPLEADOS_DOCUMENTOS (ID_EMPLEADO_DOCUMENTO,CODIGO_DOCUMENTO,ID_EMPLEADO,ID_TIPO_DOCUMENTO) VALUES (883,'414911615',523,503);;
INSERT INTO EMPLEADOS_DOCUMENTOS (ID_EMPLEADO_DOCUMENTO,CODIGO_DOCUMENTO,ID_EMPLEADO,ID_TIPO_DOCUMENTO) VALUES (884,'475188915',524,503);;
INSERT INTO EMPLEADOS_DOCUMENTOS (ID_EMPLEADO_DOCUMENTO,CODIGO_DOCUMENTO,ID_EMPLEADO,ID_TIPO_DOCUMENTO) VALUES (885,'292423400',525,503);;
INSERT INTO EMPLEADOS_DOCUMENTOS (ID_EMPLEADO_DOCUMENTO,CODIGO_DOCUMENTO,ID_EMPLEADO,ID_TIPO_DOCUMENTO) VALUES (886,'476407334',526,503);;
INSERT INTO EMPLEADOS_DOCUMENTOS (ID_EMPLEADO_DOCUMENTO,CODIGO_DOCUMENTO,ID_EMPLEADO,ID_TIPO_DOCUMENTO) VALUES (887,'094944863',527,503);;
INSERT INTO EMPLEADOS_DOCUMENTOS (ID_EMPLEADO_DOCUMENTO,CODIGO_DOCUMENTO,ID_EMPLEADO,ID_TIPO_DOCUMENTO) VALUES (888,'747753869',528,503);;
INSERT INTO EMPLEADOS_DOCUMENTOS (ID_EMPLEADO_DOCUMENTO,CODIGO_DOCUMENTO,ID_EMPLEADO,ID_TIPO_DOCUMENTO) VALUES (889,'762493381',529,503);;
INSERT INTO EMPLEADOS_DOCUMENTOS (ID_EMPLEADO_DOCUMENTO,CODIGO_DOCUMENTO,ID_EMPLEADO,ID_TIPO_DOCUMENTO) VALUES (890,'918881722',530,503);;
INSERT INTO EMPLEADOS_DOCUMENTOS (ID_EMPLEADO_DOCUMENTO,CODIGO_DOCUMENTO,ID_EMPLEADO,ID_TIPO_DOCUMENTO) VALUES (891,'880129824',531,503);;
INSERT INTO EMPLEADOS_DOCUMENTOS (ID_EMPLEADO_DOCUMENTO,CODIGO_DOCUMENTO,ID_EMPLEADO,ID_TIPO_DOCUMENTO) VALUES (892,'235231248',532,503);;
INSERT INTO EMPLEADOS_DOCUMENTOS (ID_EMPLEADO_DOCUMENTO,CODIGO_DOCUMENTO,ID_EMPLEADO,ID_TIPO_DOCUMENTO) VALUES (893,'372508415',533,503);;
INSERT INTO EMPLEADOS_DOCUMENTOS (ID_EMPLEADO_DOCUMENTO,CODIGO_DOCUMENTO,ID_EMPLEADO,ID_TIPO_DOCUMENTO) VALUES (894,'527506716',534,503);;
INSERT INTO EMPLEADOS_DOCUMENTOS (ID_EMPLEADO_DOCUMENTO,CODIGO_DOCUMENTO,ID_EMPLEADO,ID_TIPO_DOCUMENTO) VALUES (895,'953334506',535,503);;
INSERT INTO EMPLEADOS_DOCUMENTOS (ID_EMPLEADO_DOCUMENTO,CODIGO_DOCUMENTO,ID_EMPLEADO,ID_TIPO_DOCUMENTO) VALUES (896,'594904122',536,503);;
INSERT INTO EMPLEADOS_DOCUMENTOS (ID_EMPLEADO_DOCUMENTO,CODIGO_DOCUMENTO,ID_EMPLEADO,ID_TIPO_DOCUMENTO) VALUES (897,'371708724',537,503);;
INSERT INTO EMPLEADOS_DOCUMENTOS (ID_EMPLEADO_DOCUMENTO,CODIGO_DOCUMENTO,ID_EMPLEADO,ID_TIPO_DOCUMENTO) VALUES (898,'999001579',538,503);;
INSERT INTO EMPLEADOS_DOCUMENTOS (ID_EMPLEADO_DOCUMENTO,CODIGO_DOCUMENTO,ID_EMPLEADO,ID_TIPO_DOCUMENTO) VALUES (899,'513962044',539,503);;
INSERT INTO EMPLEADOS_DOCUMENTOS (ID_EMPLEADO_DOCUMENTO,CODIGO_DOCUMENTO,ID_EMPLEADO,ID_TIPO_DOCUMENTO) VALUES (900,'083647256',540,503);;
INSERT INTO EMPLEADOS_DOCUMENTOS (ID_EMPLEADO_DOCUMENTO,CODIGO_DOCUMENTO,ID_EMPLEADO,ID_TIPO_DOCUMENTO) VALUES (901,'812307432',541,503);;
INSERT INTO EMPLEADOS_DOCUMENTOS (ID_EMPLEADO_DOCUMENTO,CODIGO_DOCUMENTO,ID_EMPLEADO,ID_TIPO_DOCUMENTO) VALUES (902,'220510901',542,503);;
INSERT INTO EMPLEADOS_DOCUMENTOS (ID_EMPLEADO_DOCUMENTO,CODIGO_DOCUMENTO,ID_EMPLEADO,ID_TIPO_DOCUMENTO) VALUES (903,'593585672',543,503);;
INSERT INTO EMPLEADOS_DOCUMENTOS (ID_EMPLEADO_DOCUMENTO,CODIGO_DOCUMENTO,ID_EMPLEADO,ID_TIPO_DOCUMENTO) VALUES (904,'104140647',544,503);;
INSERT INTO EMPLEADOS_DOCUMENTOS (ID_EMPLEADO_DOCUMENTO,CODIGO_DOCUMENTO,ID_EMPLEADO,ID_TIPO_DOCUMENTO) VALUES (905,'636785911',545,503);;
INSERT INTO EMPLEADOS_DOCUMENTOS (ID_EMPLEADO_DOCUMENTO,CODIGO_DOCUMENTO,ID_EMPLEADO,ID_TIPO_DOCUMENTO) VALUES (906,'209456581',546,503);;
INSERT INTO EMPLEADOS_DOCUMENTOS (ID_EMPLEADO_DOCUMENTO,CODIGO_DOCUMENTO,ID_EMPLEADO,ID_TIPO_DOCUMENTO) VALUES (907,'554333247',547,503);;
INSERT INTO EMPLEADOS_DOCUMENTOS (ID_EMPLEADO_DOCUMENTO,CODIGO_DOCUMENTO,ID_EMPLEADO,ID_TIPO_DOCUMENTO) VALUES (908,'622930510',548,503);;
INSERT INTO EMPLEADOS_DOCUMENTOS (ID_EMPLEADO_DOCUMENTO,CODIGO_DOCUMENTO,ID_EMPLEADO,ID_TIPO_DOCUMENTO) VALUES (909,'580690083',549,503);;
INSERT INTO EMPLEADOS_DOCUMENTOS (ID_EMPLEADO_DOCUMENTO,CODIGO_DOCUMENTO,ID_EMPLEADO,ID_TIPO_DOCUMENTO) VALUES (910,'799381866',550,503);;
INSERT INTO EMPLEADOS_DOCUMENTOS (ID_EMPLEADO_DOCUMENTO,CODIGO_DOCUMENTO,ID_EMPLEADO,ID_TIPO_DOCUMENTO) VALUES (911,'165532861',551,503);;
INSERT INTO EMPLEADOS_DOCUMENTOS (ID_EMPLEADO_DOCUMENTO,CODIGO_DOCUMENTO,ID_EMPLEADO,ID_TIPO_DOCUMENTO) VALUES (912,'192002363',552,503);;
INSERT INTO EMPLEADOS_DOCUMENTOS (ID_EMPLEADO_DOCUMENTO,CODIGO_DOCUMENTO,ID_EMPLEADO,ID_TIPO_DOCUMENTO) VALUES (913,'723738572',553,503);;
INSERT INTO EMPLEADOS_DOCUMENTOS (ID_EMPLEADO_DOCUMENTO,CODIGO_DOCUMENTO,ID_EMPLEADO,ID_TIPO_DOCUMENTO) VALUES (914,'737365037',554,503);;
INSERT INTO EMPLEADOS_DOCUMENTOS (ID_EMPLEADO_DOCUMENTO,CODIGO_DOCUMENTO,ID_EMPLEADO,ID_TIPO_DOCUMENTO) VALUES (915,'185558348',555,503);;
INSERT INTO EMPLEADOS_DOCUMENTOS (ID_EMPLEADO_DOCUMENTO,CODIGO_DOCUMENTO,ID_EMPLEADO,ID_TIPO_DOCUMENTO) VALUES (916,'822321857',556,503);;
INSERT INTO EMPLEADOS_DOCUMENTOS (ID_EMPLEADO_DOCUMENTO,CODIGO_DOCUMENTO,ID_EMPLEADO,ID_TIPO_DOCUMENTO) VALUES (917,'970845161',557,503);;
INSERT INTO EMPLEADOS_DOCUMENTOS (ID_EMPLEADO_DOCUMENTO,CODIGO_DOCUMENTO,ID_EMPLEADO,ID_TIPO_DOCUMENTO) VALUES (918,'884297741',558,503);;
INSERT INTO EMPLEADOS_DOCUMENTOS (ID_EMPLEADO_DOCUMENTO,CODIGO_DOCUMENTO,ID_EMPLEADO,ID_TIPO_DOCUMENTO) VALUES (919,'098244857',559,503);;
INSERT INTO EMPLEADOS_DOCUMENTOS (ID_EMPLEADO_DOCUMENTO,CODIGO_DOCUMENTO,ID_EMPLEADO,ID_TIPO_DOCUMENTO) VALUES (920,'000887680',560,503);;
INSERT INTO EMPLEADOS_DOCUMENTOS (ID_EMPLEADO_DOCUMENTO,CODIGO_DOCUMENTO,ID_EMPLEADO,ID_TIPO_DOCUMENTO) VALUES (921,'018188774',561,503);;
INSERT INTO EMPLEADOS_DOCUMENTOS (ID_EMPLEADO_DOCUMENTO,CODIGO_DOCUMENTO,ID_EMPLEADO,ID_TIPO_DOCUMENTO) VALUES (922,'141955774',562,503);;
INSERT INTO EMPLEADOS_DOCUMENTOS (ID_EMPLEADO_DOCUMENTO,CODIGO_DOCUMENTO,ID_EMPLEADO,ID_TIPO_DOCUMENTO) VALUES (923,'467909700',563,503);;
INSERT INTO EMPLEADOS_DOCUMENTOS (ID_EMPLEADO_DOCUMENTO,CODIGO_DOCUMENTO,ID_EMPLEADO,ID_TIPO_DOCUMENTO) VALUES (924,'269046000',564,503);;
INSERT INTO EMPLEADOS_DOCUMENTOS (ID_EMPLEADO_DOCUMENTO,CODIGO_DOCUMENTO,ID_EMPLEADO,ID_TIPO_DOCUMENTO) VALUES (925,'163097703',565,503);;
INSERT INTO EMPLEADOS_DOCUMENTOS (ID_EMPLEADO_DOCUMENTO,CODIGO_DOCUMENTO,ID_EMPLEADO,ID_TIPO_DOCUMENTO) VALUES (926,'383911969',566,503);;
INSERT INTO EMPLEADOS_DOCUMENTOS (ID_EMPLEADO_DOCUMENTO,CODIGO_DOCUMENTO,ID_EMPLEADO,ID_TIPO_DOCUMENTO) VALUES (927,'539723188',567,503);;
INSERT INTO EMPLEADOS_DOCUMENTOS (ID_EMPLEADO_DOCUMENTO,CODIGO_DOCUMENTO,ID_EMPLEADO,ID_TIPO_DOCUMENTO) VALUES (928,'961128678',568,503);;
INSERT INTO EMPLEADOS_DOCUMENTOS (ID_EMPLEADO_DOCUMENTO,CODIGO_DOCUMENTO,ID_EMPLEADO,ID_TIPO_DOCUMENTO) VALUES (929,'225138119',569,503);;
INSERT INTO EMPLEADOS_DOCUMENTOS (ID_EMPLEADO_DOCUMENTO,CODIGO_DOCUMENTO,ID_EMPLEADO,ID_TIPO_DOCUMENTO) VALUES (930,'394437283',570,503);;
INSERT INTO EMPLEADOS_DOCUMENTOS (ID_EMPLEADO_DOCUMENTO,CODIGO_DOCUMENTO,ID_EMPLEADO,ID_TIPO_DOCUMENTO) VALUES (931,'135565160',571,503);;
INSERT INTO EMPLEADOS_DOCUMENTOS (ID_EMPLEADO_DOCUMENTO,CODIGO_DOCUMENTO,ID_EMPLEADO,ID_TIPO_DOCUMENTO) VALUES (932,'850561312',572,503);;
INSERT INTO EMPLEADOS_DOCUMENTOS (ID_EMPLEADO_DOCUMENTO,CODIGO_DOCUMENTO,ID_EMPLEADO,ID_TIPO_DOCUMENTO) VALUES (933,'295708057',573,503);;
INSERT INTO EMPLEADOS_DOCUMENTOS (ID_EMPLEADO_DOCUMENTO,CODIGO_DOCUMENTO,ID_EMPLEADO,ID_TIPO_DOCUMENTO) VALUES (934,'939733723',574,503);;
INSERT INTO EMPLEADOS_DOCUMENTOS (ID_EMPLEADO_DOCUMENTO,CODIGO_DOCUMENTO,ID_EMPLEADO,ID_TIPO_DOCUMENTO) VALUES (935,'741526609',575,503);;
INSERT INTO EMPLEADOS_DOCUMENTOS (ID_EMPLEADO_DOCUMENTO,CODIGO_DOCUMENTO,ID_EMPLEADO,ID_TIPO_DOCUMENTO) VALUES (936,'536599339',576,503);;
INSERT INTO EMPLEADOS_DOCUMENTOS (ID_EMPLEADO_DOCUMENTO,CODIGO_DOCUMENTO,ID_EMPLEADO,ID_TIPO_DOCUMENTO) VALUES (937,'082457529',577,503);;
INSERT INTO EMPLEADOS_DOCUMENTOS (ID_EMPLEADO_DOCUMENTO,CODIGO_DOCUMENTO,ID_EMPLEADO,ID_TIPO_DOCUMENTO) VALUES (938,'889705193',578,503);;
INSERT INTO EMPLEADOS_DOCUMENTOS (ID_EMPLEADO_DOCUMENTO,CODIGO_DOCUMENTO,ID_EMPLEADO,ID_TIPO_DOCUMENTO) VALUES (939,'768025999',579,503);;
INSERT INTO EMPLEADOS_DOCUMENTOS (ID_EMPLEADO_DOCUMENTO,CODIGO_DOCUMENTO,ID_EMPLEADO,ID_TIPO_DOCUMENTO) VALUES (940,'422747137',580,503);;
INSERT INTO EMPLEADOS_DOCUMENTOS (ID_EMPLEADO_DOCUMENTO,CODIGO_DOCUMENTO,ID_EMPLEADO,ID_TIPO_DOCUMENTO) VALUES (941,'238889247',581,503);;
INSERT INTO EMPLEADOS_DOCUMENTOS (ID_EMPLEADO_DOCUMENTO,CODIGO_DOCUMENTO,ID_EMPLEADO,ID_TIPO_DOCUMENTO) VALUES (942,'463673489',582,503);;
INSERT INTO EMPLEADOS_DOCUMENTOS (ID_EMPLEADO_DOCUMENTO,CODIGO_DOCUMENTO,ID_EMPLEADO,ID_TIPO_DOCUMENTO) VALUES (943,'455806552',583,503);;
INSERT INTO EMPLEADOS_DOCUMENTOS (ID_EMPLEADO_DOCUMENTO,CODIGO_DOCUMENTO,ID_EMPLEADO,ID_TIPO_DOCUMENTO) VALUES (944,'953715291',584,503);;
INSERT INTO EMPLEADOS_DOCUMENTOS (ID_EMPLEADO_DOCUMENTO,CODIGO_DOCUMENTO,ID_EMPLEADO,ID_TIPO_DOCUMENTO) VALUES (945,'742682260',585,503);;
INSERT INTO EMPLEADOS_DOCUMENTOS (ID_EMPLEADO_DOCUMENTO,CODIGO_DOCUMENTO,ID_EMPLEADO,ID_TIPO_DOCUMENTO) VALUES (946,'821064788',586,503);;
INSERT INTO EMPLEADOS_DOCUMENTOS (ID_EMPLEADO_DOCUMENTO,CODIGO_DOCUMENTO,ID_EMPLEADO,ID_TIPO_DOCUMENTO) VALUES (947,'385523448',587,503);;
INSERT INTO EMPLEADOS_DOCUMENTOS (ID_EMPLEADO_DOCUMENTO,CODIGO_DOCUMENTO,ID_EMPLEADO,ID_TIPO_DOCUMENTO) VALUES (948,'465850744',588,503);;
INSERT INTO EMPLEADOS_DOCUMENTOS (ID_EMPLEADO_DOCUMENTO,CODIGO_DOCUMENTO,ID_EMPLEADO,ID_TIPO_DOCUMENTO) VALUES (949,'016453404',589,503);;
INSERT INTO EMPLEADOS_DOCUMENTOS (ID_EMPLEADO_DOCUMENTO,CODIGO_DOCUMENTO,ID_EMPLEADO,ID_TIPO_DOCUMENTO) VALUES (950,'207110402',590,503);;
INSERT INTO EMPLEADOS_DOCUMENTOS (ID_EMPLEADO_DOCUMENTO,CODIGO_DOCUMENTO,ID_EMPLEADO,ID_TIPO_DOCUMENTO) VALUES (951,'263928721',591,503);;
INSERT INTO EMPLEADOS_DOCUMENTOS (ID_EMPLEADO_DOCUMENTO,CODIGO_DOCUMENTO,ID_EMPLEADO,ID_TIPO_DOCUMENTO) VALUES (952,'106789964',592,503);;
INSERT INTO EMPLEADOS_DOCUMENTOS (ID_EMPLEADO_DOCUMENTO,CODIGO_DOCUMENTO,ID_EMPLEADO,ID_TIPO_DOCUMENTO) VALUES (953,'932416488',593,503);;
INSERT INTO EMPLEADOS_DOCUMENTOS (ID_EMPLEADO_DOCUMENTO,CODIGO_DOCUMENTO,ID_EMPLEADO,ID_TIPO_DOCUMENTO) VALUES (954,'492096726',594,503);;
INSERT INTO EMPLEADOS_DOCUMENTOS (ID_EMPLEADO_DOCUMENTO,CODIGO_DOCUMENTO,ID_EMPLEADO,ID_TIPO_DOCUMENTO) VALUES (955,'421284729',595,503);;
INSERT INTO EMPLEADOS_DOCUMENTOS (ID_EMPLEADO_DOCUMENTO,CODIGO_DOCUMENTO,ID_EMPLEADO,ID_TIPO_DOCUMENTO) VALUES (956,'137509448',596,503);;
INSERT INTO EMPLEADOS_DOCUMENTOS (ID_EMPLEADO_DOCUMENTO,CODIGO_DOCUMENTO,ID_EMPLEADO,ID_TIPO_DOCUMENTO) VALUES (957,'983928936',597,503);;
INSERT INTO EMPLEADOS_DOCUMENTOS (ID_EMPLEADO_DOCUMENTO,CODIGO_DOCUMENTO,ID_EMPLEADO,ID_TIPO_DOCUMENTO) VALUES (958,'760316728',598,503);;
INSERT INTO EMPLEADOS_DOCUMENTOS (ID_EMPLEADO_DOCUMENTO,CODIGO_DOCUMENTO,ID_EMPLEADO,ID_TIPO_DOCUMENTO) VALUES (959,'385606183',599,503);;
INSERT INTO EMPLEADOS_DOCUMENTOS (ID_EMPLEADO_DOCUMENTO,CODIGO_DOCUMENTO,ID_EMPLEADO,ID_TIPO_DOCUMENTO) VALUES (960,'882618303',600,503);;
INSERT INTO EMPLEADOS_DOCUMENTOS (ID_EMPLEADO_DOCUMENTO,CODIGO_DOCUMENTO,ID_EMPLEADO,ID_TIPO_DOCUMENTO) VALUES (961,'231523504',601,503);;
INSERT INTO EMPLEADOS_DOCUMENTOS (ID_EMPLEADO_DOCUMENTO,CODIGO_DOCUMENTO,ID_EMPLEADO,ID_TIPO_DOCUMENTO) VALUES (962,'697257931',602,503);;
INSERT INTO EMPLEADOS_DOCUMENTOS (ID_EMPLEADO_DOCUMENTO,CODIGO_DOCUMENTO,ID_EMPLEADO,ID_TIPO_DOCUMENTO) VALUES (963,'816118104',603,503);;
INSERT INTO EMPLEADOS_DOCUMENTOS (ID_EMPLEADO_DOCUMENTO,CODIGO_DOCUMENTO,ID_EMPLEADO,ID_TIPO_DOCUMENTO) VALUES (964,'110040071',604,503);;
INSERT INTO EMPLEADOS_DOCUMENTOS (ID_EMPLEADO_DOCUMENTO,CODIGO_DOCUMENTO,ID_EMPLEADO,ID_TIPO_DOCUMENTO) VALUES (965,'067722197',605,503);;
INSERT INTO EMPLEADOS_DOCUMENTOS (ID_EMPLEADO_DOCUMENTO,CODIGO_DOCUMENTO,ID_EMPLEADO,ID_TIPO_DOCUMENTO) VALUES (966,'404351585',606,503);;
INSERT INTO EMPLEADOS_DOCUMENTOS (ID_EMPLEADO_DOCUMENTO,CODIGO_DOCUMENTO,ID_EMPLEADO,ID_TIPO_DOCUMENTO) VALUES (967,'312741475',607,503);;
INSERT INTO EMPLEADOS_DOCUMENTOS (ID_EMPLEADO_DOCUMENTO,CODIGO_DOCUMENTO,ID_EMPLEADO,ID_TIPO_DOCUMENTO) VALUES (968,'760885051',608,503);;
INSERT INTO EMPLEADOS_DOCUMENTOS (ID_EMPLEADO_DOCUMENTO,CODIGO_DOCUMENTO,ID_EMPLEADO,ID_TIPO_DOCUMENTO) VALUES (969,'104465061',609,503);;
INSERT INTO EMPLEADOS_DOCUMENTOS (ID_EMPLEADO_DOCUMENTO,CODIGO_DOCUMENTO,ID_EMPLEADO,ID_TIPO_DOCUMENTO) VALUES (970,'891285922',610,503);;
INSERT INTO EMPLEADOS_DOCUMENTOS (ID_EMPLEADO_DOCUMENTO,CODIGO_DOCUMENTO,ID_EMPLEADO,ID_TIPO_DOCUMENTO) VALUES (971,'629196823',611,503);;
INSERT INTO EMPLEADOS_DOCUMENTOS (ID_EMPLEADO_DOCUMENTO,CODIGO_DOCUMENTO,ID_EMPLEADO,ID_TIPO_DOCUMENTO) VALUES (972,'952467611',612,503);;
INSERT INTO EMPLEADOS_DOCUMENTOS (ID_EMPLEADO_DOCUMENTO,CODIGO_DOCUMENTO,ID_EMPLEADO,ID_TIPO_DOCUMENTO) VALUES (973,'442248824',613,503);;
INSERT INTO EMPLEADOS_DOCUMENTOS (ID_EMPLEADO_DOCUMENTO,CODIGO_DOCUMENTO,ID_EMPLEADO,ID_TIPO_DOCUMENTO) VALUES (974,'872330733',614,503);;
INSERT INTO EMPLEADOS_DOCUMENTOS (ID_EMPLEADO_DOCUMENTO,CODIGO_DOCUMENTO,ID_EMPLEADO,ID_TIPO_DOCUMENTO) VALUES (975,'237093143',615,503);;
INSERT INTO EMPLEADOS_DOCUMENTOS (ID_EMPLEADO_DOCUMENTO,CODIGO_DOCUMENTO,ID_EMPLEADO,ID_TIPO_DOCUMENTO) VALUES (976,'807791029',616,503);;
INSERT INTO EMPLEADOS_DOCUMENTOS (ID_EMPLEADO_DOCUMENTO,CODIGO_DOCUMENTO,ID_EMPLEADO,ID_TIPO_DOCUMENTO) VALUES (977,'406817192',617,503);;
INSERT INTO EMPLEADOS_DOCUMENTOS (ID_EMPLEADO_DOCUMENTO,CODIGO_DOCUMENTO,ID_EMPLEADO,ID_TIPO_DOCUMENTO) VALUES (978,'757016168',618,503);;
INSERT INTO EMPLEADOS_DOCUMENTOS (ID_EMPLEADO_DOCUMENTO,CODIGO_DOCUMENTO,ID_EMPLEADO,ID_TIPO_DOCUMENTO) VALUES (979,'752574976',619,503);;

/* EMPLEADOS PROFESIONES */

INSERT INTO EMPLEADOS_PROFESIONES (ID_EMPLEADO_PROFESION,ID_EMPLEADO,ID_PROFESION) VALUES (500,500,513);;
INSERT INTO EMPLEADOS_PROFESIONES (ID_EMPLEADO_PROFESION,ID_EMPLEADO,ID_PROFESION) VALUES (501,501,507);;
INSERT INTO EMPLEADOS_PROFESIONES (ID_EMPLEADO_PROFESION,ID_EMPLEADO,ID_PROFESION) VALUES (502,502,500);;
INSERT INTO EMPLEADOS_PROFESIONES (ID_EMPLEADO_PROFESION,ID_EMPLEADO,ID_PROFESION) VALUES (503,503,501);;
INSERT INTO EMPLEADOS_PROFESIONES (ID_EMPLEADO_PROFESION,ID_EMPLEADO,ID_PROFESION) VALUES (504,504,500);;
INSERT INTO EMPLEADOS_PROFESIONES (ID_EMPLEADO_PROFESION,ID_EMPLEADO,ID_PROFESION) VALUES (505,505,512);;
INSERT INTO EMPLEADOS_PROFESIONES (ID_EMPLEADO_PROFESION,ID_EMPLEADO,ID_PROFESION) VALUES (506,506,503);;
INSERT INTO EMPLEADOS_PROFESIONES (ID_EMPLEADO_PROFESION,ID_EMPLEADO,ID_PROFESION) VALUES (507,507,506);;
INSERT INTO EMPLEADOS_PROFESIONES (ID_EMPLEADO_PROFESION,ID_EMPLEADO,ID_PROFESION) VALUES (508,508,512);;
INSERT INTO EMPLEADOS_PROFESIONES (ID_EMPLEADO_PROFESION,ID_EMPLEADO,ID_PROFESION) VALUES (509,509,509);;
INSERT INTO EMPLEADOS_PROFESIONES (ID_EMPLEADO_PROFESION,ID_EMPLEADO,ID_PROFESION) VALUES (510,510,504);;
INSERT INTO EMPLEADOS_PROFESIONES (ID_EMPLEADO_PROFESION,ID_EMPLEADO,ID_PROFESION) VALUES (511,511,505);;
INSERT INTO EMPLEADOS_PROFESIONES (ID_EMPLEADO_PROFESION,ID_EMPLEADO,ID_PROFESION) VALUES (512,512,503);;
INSERT INTO EMPLEADOS_PROFESIONES (ID_EMPLEADO_PROFESION,ID_EMPLEADO,ID_PROFESION) VALUES (513,513,510);;
INSERT INTO EMPLEADOS_PROFESIONES (ID_EMPLEADO_PROFESION,ID_EMPLEADO,ID_PROFESION) VALUES (514,514,504);;
INSERT INTO EMPLEADOS_PROFESIONES (ID_EMPLEADO_PROFESION,ID_EMPLEADO,ID_PROFESION) VALUES (515,515,512);;
INSERT INTO EMPLEADOS_PROFESIONES (ID_EMPLEADO_PROFESION,ID_EMPLEADO,ID_PROFESION) VALUES (516,516,513);;
INSERT INTO EMPLEADOS_PROFESIONES (ID_EMPLEADO_PROFESION,ID_EMPLEADO,ID_PROFESION) VALUES (517,517,503);;
INSERT INTO EMPLEADOS_PROFESIONES (ID_EMPLEADO_PROFESION,ID_EMPLEADO,ID_PROFESION) VALUES (518,518,514);;
INSERT INTO EMPLEADOS_PROFESIONES (ID_EMPLEADO_PROFESION,ID_EMPLEADO,ID_PROFESION) VALUES (519,519,500);;
INSERT INTO EMPLEADOS_PROFESIONES (ID_EMPLEADO_PROFESION,ID_EMPLEADO,ID_PROFESION) VALUES (520,520,513);;
INSERT INTO EMPLEADOS_PROFESIONES (ID_EMPLEADO_PROFESION,ID_EMPLEADO,ID_PROFESION) VALUES (521,521,507);;
INSERT INTO EMPLEADOS_PROFESIONES (ID_EMPLEADO_PROFESION,ID_EMPLEADO,ID_PROFESION) VALUES (522,522,514);;
INSERT INTO EMPLEADOS_PROFESIONES (ID_EMPLEADO_PROFESION,ID_EMPLEADO,ID_PROFESION) VALUES (523,523,504);;
INSERT INTO EMPLEADOS_PROFESIONES (ID_EMPLEADO_PROFESION,ID_EMPLEADO,ID_PROFESION) VALUES (524,524,510);;
INSERT INTO EMPLEADOS_PROFESIONES (ID_EMPLEADO_PROFESION,ID_EMPLEADO,ID_PROFESION) VALUES (525,525,503);;
INSERT INTO EMPLEADOS_PROFESIONES (ID_EMPLEADO_PROFESION,ID_EMPLEADO,ID_PROFESION) VALUES (526,526,504);;
INSERT INTO EMPLEADOS_PROFESIONES (ID_EMPLEADO_PROFESION,ID_EMPLEADO,ID_PROFESION) VALUES (527,527,501);;
INSERT INTO EMPLEADOS_PROFESIONES (ID_EMPLEADO_PROFESION,ID_EMPLEADO,ID_PROFESION) VALUES (528,528,512);;
INSERT INTO EMPLEADOS_PROFESIONES (ID_EMPLEADO_PROFESION,ID_EMPLEADO,ID_PROFESION) VALUES (529,529,509);;
INSERT INTO EMPLEADOS_PROFESIONES (ID_EMPLEADO_PROFESION,ID_EMPLEADO,ID_PROFESION) VALUES (530,530,508);;
INSERT INTO EMPLEADOS_PROFESIONES (ID_EMPLEADO_PROFESION,ID_EMPLEADO,ID_PROFESION) VALUES (531,531,512);;
INSERT INTO EMPLEADOS_PROFESIONES (ID_EMPLEADO_PROFESION,ID_EMPLEADO,ID_PROFESION) VALUES (532,532,504);;
INSERT INTO EMPLEADOS_PROFESIONES (ID_EMPLEADO_PROFESION,ID_EMPLEADO,ID_PROFESION) VALUES (533,533,508);;
INSERT INTO EMPLEADOS_PROFESIONES (ID_EMPLEADO_PROFESION,ID_EMPLEADO,ID_PROFESION) VALUES (534,534,505);;
INSERT INTO EMPLEADOS_PROFESIONES (ID_EMPLEADO_PROFESION,ID_EMPLEADO,ID_PROFESION) VALUES (535,535,509);;
INSERT INTO EMPLEADOS_PROFESIONES (ID_EMPLEADO_PROFESION,ID_EMPLEADO,ID_PROFESION) VALUES (536,536,514);;
INSERT INTO EMPLEADOS_PROFESIONES (ID_EMPLEADO_PROFESION,ID_EMPLEADO,ID_PROFESION) VALUES (537,537,515);;
INSERT INTO EMPLEADOS_PROFESIONES (ID_EMPLEADO_PROFESION,ID_EMPLEADO,ID_PROFESION) VALUES (538,538,504);;
INSERT INTO EMPLEADOS_PROFESIONES (ID_EMPLEADO_PROFESION,ID_EMPLEADO,ID_PROFESION) VALUES (539,539,510);;
INSERT INTO EMPLEADOS_PROFESIONES (ID_EMPLEADO_PROFESION,ID_EMPLEADO,ID_PROFESION) VALUES (540,540,513);;
INSERT INTO EMPLEADOS_PROFESIONES (ID_EMPLEADO_PROFESION,ID_EMPLEADO,ID_PROFESION) VALUES (541,541,500);;
INSERT INTO EMPLEADOS_PROFESIONES (ID_EMPLEADO_PROFESION,ID_EMPLEADO,ID_PROFESION) VALUES (542,542,504);;
INSERT INTO EMPLEADOS_PROFESIONES (ID_EMPLEADO_PROFESION,ID_EMPLEADO,ID_PROFESION) VALUES (543,543,505);;
INSERT INTO EMPLEADOS_PROFESIONES (ID_EMPLEADO_PROFESION,ID_EMPLEADO,ID_PROFESION) VALUES (544,544,515);;
INSERT INTO EMPLEADOS_PROFESIONES (ID_EMPLEADO_PROFESION,ID_EMPLEADO,ID_PROFESION) VALUES (545,545,508);;
INSERT INTO EMPLEADOS_PROFESIONES (ID_EMPLEADO_PROFESION,ID_EMPLEADO,ID_PROFESION) VALUES (546,546,506);;
INSERT INTO EMPLEADOS_PROFESIONES (ID_EMPLEADO_PROFESION,ID_EMPLEADO,ID_PROFESION) VALUES (547,547,506);;
INSERT INTO EMPLEADOS_PROFESIONES (ID_EMPLEADO_PROFESION,ID_EMPLEADO,ID_PROFESION) VALUES (548,548,508);;
INSERT INTO EMPLEADOS_PROFESIONES (ID_EMPLEADO_PROFESION,ID_EMPLEADO,ID_PROFESION) VALUES (549,549,509);;
INSERT INTO EMPLEADOS_PROFESIONES (ID_EMPLEADO_PROFESION,ID_EMPLEADO,ID_PROFESION) VALUES (550,550,500);;
INSERT INTO EMPLEADOS_PROFESIONES (ID_EMPLEADO_PROFESION,ID_EMPLEADO,ID_PROFESION) VALUES (551,551,503);;
INSERT INTO EMPLEADOS_PROFESIONES (ID_EMPLEADO_PROFESION,ID_EMPLEADO,ID_PROFESION) VALUES (552,552,505);;
INSERT INTO EMPLEADOS_PROFESIONES (ID_EMPLEADO_PROFESION,ID_EMPLEADO,ID_PROFESION) VALUES (553,553,507);;
INSERT INTO EMPLEADOS_PROFESIONES (ID_EMPLEADO_PROFESION,ID_EMPLEADO,ID_PROFESION) VALUES (554,554,506);;
INSERT INTO EMPLEADOS_PROFESIONES (ID_EMPLEADO_PROFESION,ID_EMPLEADO,ID_PROFESION) VALUES (555,555,507);;
INSERT INTO EMPLEADOS_PROFESIONES (ID_EMPLEADO_PROFESION,ID_EMPLEADO,ID_PROFESION) VALUES (556,556,511);;
INSERT INTO EMPLEADOS_PROFESIONES (ID_EMPLEADO_PROFESION,ID_EMPLEADO,ID_PROFESION) VALUES (557,557,500);;
INSERT INTO EMPLEADOS_PROFESIONES (ID_EMPLEADO_PROFESION,ID_EMPLEADO,ID_PROFESION) VALUES (558,558,511);;
INSERT INTO EMPLEADOS_PROFESIONES (ID_EMPLEADO_PROFESION,ID_EMPLEADO,ID_PROFESION) VALUES (559,559,503);;
INSERT INTO EMPLEADOS_PROFESIONES (ID_EMPLEADO_PROFESION,ID_EMPLEADO,ID_PROFESION) VALUES (560,560,500);;
INSERT INTO EMPLEADOS_PROFESIONES (ID_EMPLEADO_PROFESION,ID_EMPLEADO,ID_PROFESION) VALUES (561,561,513);;
INSERT INTO EMPLEADOS_PROFESIONES (ID_EMPLEADO_PROFESION,ID_EMPLEADO,ID_PROFESION) VALUES (562,562,509);;
INSERT INTO EMPLEADOS_PROFESIONES (ID_EMPLEADO_PROFESION,ID_EMPLEADO,ID_PROFESION) VALUES (563,563,507);;
INSERT INTO EMPLEADOS_PROFESIONES (ID_EMPLEADO_PROFESION,ID_EMPLEADO,ID_PROFESION) VALUES (564,564,507);;
INSERT INTO EMPLEADOS_PROFESIONES (ID_EMPLEADO_PROFESION,ID_EMPLEADO,ID_PROFESION) VALUES (565,565,506);;
INSERT INTO EMPLEADOS_PROFESIONES (ID_EMPLEADO_PROFESION,ID_EMPLEADO,ID_PROFESION) VALUES (566,566,501);;
INSERT INTO EMPLEADOS_PROFESIONES (ID_EMPLEADO_PROFESION,ID_EMPLEADO,ID_PROFESION) VALUES (567,567,505);;
INSERT INTO EMPLEADOS_PROFESIONES (ID_EMPLEADO_PROFESION,ID_EMPLEADO,ID_PROFESION) VALUES (568,568,506);;
INSERT INTO EMPLEADOS_PROFESIONES (ID_EMPLEADO_PROFESION,ID_EMPLEADO,ID_PROFESION) VALUES (569,569,510);;
INSERT INTO EMPLEADOS_PROFESIONES (ID_EMPLEADO_PROFESION,ID_EMPLEADO,ID_PROFESION) VALUES (570,570,507);;
INSERT INTO EMPLEADOS_PROFESIONES (ID_EMPLEADO_PROFESION,ID_EMPLEADO,ID_PROFESION) VALUES (571,571,504);;
INSERT INTO EMPLEADOS_PROFESIONES (ID_EMPLEADO_PROFESION,ID_EMPLEADO,ID_PROFESION) VALUES (572,572,502);;
INSERT INTO EMPLEADOS_PROFESIONES (ID_EMPLEADO_PROFESION,ID_EMPLEADO,ID_PROFESION) VALUES (573,573,504);;
INSERT INTO EMPLEADOS_PROFESIONES (ID_EMPLEADO_PROFESION,ID_EMPLEADO,ID_PROFESION) VALUES (574,574,503);;
INSERT INTO EMPLEADOS_PROFESIONES (ID_EMPLEADO_PROFESION,ID_EMPLEADO,ID_PROFESION) VALUES (575,575,507);;
INSERT INTO EMPLEADOS_PROFESIONES (ID_EMPLEADO_PROFESION,ID_EMPLEADO,ID_PROFESION) VALUES (576,576,515);;
INSERT INTO EMPLEADOS_PROFESIONES (ID_EMPLEADO_PROFESION,ID_EMPLEADO,ID_PROFESION) VALUES (577,577,514);;
INSERT INTO EMPLEADOS_PROFESIONES (ID_EMPLEADO_PROFESION,ID_EMPLEADO,ID_PROFESION) VALUES (578,578,506);;
INSERT INTO EMPLEADOS_PROFESIONES (ID_EMPLEADO_PROFESION,ID_EMPLEADO,ID_PROFESION) VALUES (579,579,501);;
INSERT INTO EMPLEADOS_PROFESIONES (ID_EMPLEADO_PROFESION,ID_EMPLEADO,ID_PROFESION) VALUES (580,580,515);;
INSERT INTO EMPLEADOS_PROFESIONES (ID_EMPLEADO_PROFESION,ID_EMPLEADO,ID_PROFESION) VALUES (581,581,514);;
INSERT INTO EMPLEADOS_PROFESIONES (ID_EMPLEADO_PROFESION,ID_EMPLEADO,ID_PROFESION) VALUES (582,582,501);;
INSERT INTO EMPLEADOS_PROFESIONES (ID_EMPLEADO_PROFESION,ID_EMPLEADO,ID_PROFESION) VALUES (583,583,513);;
INSERT INTO EMPLEADOS_PROFESIONES (ID_EMPLEADO_PROFESION,ID_EMPLEADO,ID_PROFESION) VALUES (584,584,506);;
INSERT INTO EMPLEADOS_PROFESIONES (ID_EMPLEADO_PROFESION,ID_EMPLEADO,ID_PROFESION) VALUES (585,585,507);;
INSERT INTO EMPLEADOS_PROFESIONES (ID_EMPLEADO_PROFESION,ID_EMPLEADO,ID_PROFESION) VALUES (586,586,505);;
INSERT INTO EMPLEADOS_PROFESIONES (ID_EMPLEADO_PROFESION,ID_EMPLEADO,ID_PROFESION) VALUES (587,587,506);;
INSERT INTO EMPLEADOS_PROFESIONES (ID_EMPLEADO_PROFESION,ID_EMPLEADO,ID_PROFESION) VALUES (588,588,508);;
INSERT INTO EMPLEADOS_PROFESIONES (ID_EMPLEADO_PROFESION,ID_EMPLEADO,ID_PROFESION) VALUES (589,589,502);;
INSERT INTO EMPLEADOS_PROFESIONES (ID_EMPLEADO_PROFESION,ID_EMPLEADO,ID_PROFESION) VALUES (590,590,515);;
INSERT INTO EMPLEADOS_PROFESIONES (ID_EMPLEADO_PROFESION,ID_EMPLEADO,ID_PROFESION) VALUES (591,591,512);;
INSERT INTO EMPLEADOS_PROFESIONES (ID_EMPLEADO_PROFESION,ID_EMPLEADO,ID_PROFESION) VALUES (592,592,503);;
INSERT INTO EMPLEADOS_PROFESIONES (ID_EMPLEADO_PROFESION,ID_EMPLEADO,ID_PROFESION) VALUES (593,593,509);;
INSERT INTO EMPLEADOS_PROFESIONES (ID_EMPLEADO_PROFESION,ID_EMPLEADO,ID_PROFESION) VALUES (594,594,502);;
INSERT INTO EMPLEADOS_PROFESIONES (ID_EMPLEADO_PROFESION,ID_EMPLEADO,ID_PROFESION) VALUES (595,595,515);;
INSERT INTO EMPLEADOS_PROFESIONES (ID_EMPLEADO_PROFESION,ID_EMPLEADO,ID_PROFESION) VALUES (596,596,507);;
INSERT INTO EMPLEADOS_PROFESIONES (ID_EMPLEADO_PROFESION,ID_EMPLEADO,ID_PROFESION) VALUES (597,597,507);;
INSERT INTO EMPLEADOS_PROFESIONES (ID_EMPLEADO_PROFESION,ID_EMPLEADO,ID_PROFESION) VALUES (598,598,507);;
INSERT INTO EMPLEADOS_PROFESIONES (ID_EMPLEADO_PROFESION,ID_EMPLEADO,ID_PROFESION) VALUES (599,599,512);;
INSERT INTO EMPLEADOS_PROFESIONES (ID_EMPLEADO_PROFESION,ID_EMPLEADO,ID_PROFESION) VALUES (600,600,503);;
INSERT INTO EMPLEADOS_PROFESIONES (ID_EMPLEADO_PROFESION,ID_EMPLEADO,ID_PROFESION) VALUES (601,601,508);;
INSERT INTO EMPLEADOS_PROFESIONES (ID_EMPLEADO_PROFESION,ID_EMPLEADO,ID_PROFESION) VALUES (602,602,509);;
INSERT INTO EMPLEADOS_PROFESIONES (ID_EMPLEADO_PROFESION,ID_EMPLEADO,ID_PROFESION) VALUES (603,603,511);;
INSERT INTO EMPLEADOS_PROFESIONES (ID_EMPLEADO_PROFESION,ID_EMPLEADO,ID_PROFESION) VALUES (604,604,501);;
INSERT INTO EMPLEADOS_PROFESIONES (ID_EMPLEADO_PROFESION,ID_EMPLEADO,ID_PROFESION) VALUES (605,605,507);;
INSERT INTO EMPLEADOS_PROFESIONES (ID_EMPLEADO_PROFESION,ID_EMPLEADO,ID_PROFESION) VALUES (606,606,506);;
INSERT INTO EMPLEADOS_PROFESIONES (ID_EMPLEADO_PROFESION,ID_EMPLEADO,ID_PROFESION) VALUES (607,607,515);;
INSERT INTO EMPLEADOS_PROFESIONES (ID_EMPLEADO_PROFESION,ID_EMPLEADO,ID_PROFESION) VALUES (608,608,513);;
INSERT INTO EMPLEADOS_PROFESIONES (ID_EMPLEADO_PROFESION,ID_EMPLEADO,ID_PROFESION) VALUES (609,609,514);;
INSERT INTO EMPLEADOS_PROFESIONES (ID_EMPLEADO_PROFESION,ID_EMPLEADO,ID_PROFESION) VALUES (610,610,514);;
INSERT INTO EMPLEADOS_PROFESIONES (ID_EMPLEADO_PROFESION,ID_EMPLEADO,ID_PROFESION) VALUES (611,611,500);;
INSERT INTO EMPLEADOS_PROFESIONES (ID_EMPLEADO_PROFESION,ID_EMPLEADO,ID_PROFESION) VALUES (612,612,509);;
INSERT INTO EMPLEADOS_PROFESIONES (ID_EMPLEADO_PROFESION,ID_EMPLEADO,ID_PROFESION) VALUES (613,613,510);;
INSERT INTO EMPLEADOS_PROFESIONES (ID_EMPLEADO_PROFESION,ID_EMPLEADO,ID_PROFESION) VALUES (614,614,511);;
INSERT INTO EMPLEADOS_PROFESIONES (ID_EMPLEADO_PROFESION,ID_EMPLEADO,ID_PROFESION) VALUES (615,615,510);;
INSERT INTO EMPLEADOS_PROFESIONES (ID_EMPLEADO_PROFESION,ID_EMPLEADO,ID_PROFESION) VALUES (616,616,511);;
INSERT INTO EMPLEADOS_PROFESIONES (ID_EMPLEADO_PROFESION,ID_EMPLEADO,ID_PROFESION) VALUES (617,617,510);;
INSERT INTO EMPLEADOS_PROFESIONES (ID_EMPLEADO_PROFESION,ID_EMPLEADO,ID_PROFESION) VALUES (618,618,512);;
INSERT INTO EMPLEADOS_PROFESIONES (ID_EMPLEADO_PROFESION,ID_EMPLEADO,ID_PROFESION) VALUES (619,619,502);;




--Tipos Movimiento Final R.E
insert into tipos_movimiento	(id_movimiento, es_descuento, es_fijo, es_patronal, monto_base, monto_maximo, movimiento, porcentaje_movimiento, tipo_movimiento_habilitado)
						values	(500, 1, 1, 0, 0.00, 1000.00, 'ISSS Empleado', 3.00 , 1);;
insert into tipos_movimiento	(id_movimiento, es_descuento, es_fijo, es_patronal, monto_base, monto_maximo, movimiento, porcentaje_movimiento, tipo_movimiento_habilitado)
						values	(501, 1, 1, 1, 0.00, 1000.00, 'ISSS Patronal', 7.50 , 1);;
insert into tipos_movimiento	(id_movimiento, es_descuento, es_fijo, es_patronal, monto_base, monto_maximo, movimiento, porcentaje_movimiento, tipo_movimiento_habilitado)
						values	(502, 1, 1, 0, 0.00, 6500.00, 'AFP Empleado', 6.25 , 1);;
insert into tipos_movimiento	(id_movimiento, es_descuento, es_fijo, es_patronal, monto_base, monto_maximo, movimiento, porcentaje_movimiento, tipo_movimiento_habilitado)
						values	(503, 1, 1, 1, 0.00, 6500.00, 'AFP Patronal', 6.75 , 1);;
insert into tipos_movimiento	(id_movimiento, es_descuento, es_fijo, es_patronal, monto_base, monto_maximo, movimiento, porcentaje_movimiento, tipo_movimiento_habilitado)
						values	(504, 1, 1, 1, 0.00, 1000.00, 'INSAFORP', 1.00, 1);;
insert into tipos_movimiento	(id_movimiento, es_descuento, es_fijo, es_patronal, monto_base, monto_maximo, movimiento, porcentaje_movimiento, tipo_movimiento_habilitado)
						values	(505, 0, 0, 0, 50.00, 0.00, 'Bono navideño', 0.00, 1);;
insert into tipos_movimiento	(id_movimiento, es_descuento, es_fijo, es_patronal, monto_base, monto_maximo, movimiento, porcentaje_movimiento, tipo_movimiento_habilitado)
						values	(506, 0, 0, 0, 150.00, 0.00, 'Bono de fin de año', 0.00, 1);;

--TIPO UNIDAD
insert into tipos_unidad_organizacional values(500,1,'Gerencias',1);;
insert into tipos_unidad_organizacional values(501,2,'Departamentos',1);;
insert into tipos_unidad_organizacional values(502,3,'Areas',1);;
insert into tipos_unidad_organizacional values(503,4,'Secciones',1);;

--Unidades organizacionales
insert into unidades_organizacionales(id_unidad_organizacional, unidad_organizacional, id_tipo_unidad_organizacional, id_unidad_organizacional_padre, id_empleado_jefe) values(500, 'Gerencia General',500,null,300);;
insert into unidades_organizacionales(id_unidad_organizacional, unidad_organizacional, id_tipo_unidad_organizacional, id_unidad_organizacional_padre,id_empleado_jefe) values(501,'Departamento de RRHH',501,500,301);;
insert into unidades_organizacionales (id_unidad_organizacional, unidad_organizacional, id_tipo_unidad_organizacional, id_unidad_organizacional_padre) values(502,'Departamento de Ventas',501,500);;
insert into unidades_organizacionales (id_unidad_organizacional, unidad_organizacional, id_tipo_unidad_organizacional, id_unidad_organizacional_padre) values(503,'Departamento de Informatica',501,500);;
insert into unidades_organizacionales (id_unidad_organizacional, unidad_organizacional, id_tipo_unidad_organizacional, id_unidad_organizacional_padre) values(504,'Departamento de Administrativo',501,500);;
insert into unidades_organizacionales (id_unidad_organizacional, unidad_organizacional, id_tipo_unidad_organizacional, id_unidad_organizacional_padre) values(505,'Departamento Financiero',501,500);;
insert into unidades_organizacionales (id_unidad_organizacional, unidad_organizacional, id_tipo_unidad_organizacional, id_unidad_organizacional_padre) values(506,'Area de Tecnologias de Informacion',502,503);;
insert into unidades_organizacionales (id_unidad_organizacional, unidad_organizacional, id_tipo_unidad_organizacional, id_unidad_organizacional_padre) values(507,'Area de Desarrollo de Software',502,503);;
insert into unidades_organizacionales (id_unidad_organizacional, unidad_organizacional, id_tipo_unidad_organizacional, id_unidad_organizacional_padre)values(508,'Area de Redes Informaticas',502,503);;
insert into unidades_organizacionales (id_unidad_organizacional, unidad_organizacional, id_tipo_unidad_organizacional, id_unidad_organizacional_padre) values(509,'Seccion de Testing/QA',503,507);;
insert into unidades_organizacionales (id_unidad_organizacional, unidad_organizacional, id_tipo_unidad_organizacional, id_unidad_organizacional_padre) values(510,'Seccion de Desarrolladores Backend',503,507);;
insert into unidades_organizacionales (id_unidad_organizacional, unidad_organizacional, id_tipo_unidad_organizacional, id_unidad_organizacional_padre) values(511,'Seccion de Desarrolladores Frontend',503,507);;

-- Año laboral Final R.E
INSERT INTO anios_laborales VALUES(500, 2019, 30);;

-- Centro de Costos Final R.E, centro de costos del año
insert into centros_costos values(500,0.00,500000.00,480000.00,500,500);;
insert into centros_costos values(501,0.00,500000.00,480000.00,500,501);;
insert into centros_costos values(502,0.00,500000.00,480000.00,500,502);;
insert into centros_costos values(503,0.00,500000.00,480000.00,500,503);;
insert into centros_costos values(504,0.00,500000.00,480000.00,500,504);;
insert into centros_costos values(505,0.00,500000.00,480000.00,500,505);;
insert into centros_costos values(506,0.00,500000.00,480000.00,500,506);;
insert into centros_costos values(507,0.00,500000.00,480000.00,500,507);;
insert into centros_costos values(508,0.00,500000.00,480000.00,500,508);;
insert into centros_costos values(509,0.00,500000.00,480000.00,500,509);;
insert into centros_costos values(510,0.00,500000.00,480000.00,500,510);;
insert into centros_costos values(511,0.00,500000.00,480000.00,500,511);;

/*EMPLEADOS PUESTOS UNIDADES*/

/*Unidad 01*/
INSERT INTO EMPLEADOS_PUESTOS_UNIDADES (ID_EMPLEADO_PUESTO_UNIDAD,ID_EMPLEADO,ID_PUESTO,ID_UNIDAD_ORGANIZACIONAL,FECHA_INICIO,FECHA_FIN) VALUES (500,500,501,500,'14-Sep-17',null );; -- Jefe de unidad
INSERT INTO EMPLEADOS_PUESTOS_UNIDADES (ID_EMPLEADO_PUESTO_UNIDAD,ID_EMPLEADO,ID_PUESTO,ID_UNIDAD_ORGANIZACIONAL,FECHA_INICIO,FECHA_FIN) VALUES (501,501,503,500,'25-Oct-17',null );; -- admin ****
INSERT INTO EMPLEADOS_PUESTOS_UNIDADES (ID_EMPLEADO_PUESTO_UNIDAD,ID_EMPLEADO,ID_PUESTO,ID_UNIDAD_ORGANIZACIONAL,FECHA_INICIO,FECHA_FIN) VALUES (502,502,502,500,'06-Sep-17',null );; -- Jefe de planilla
INSERT INTO EMPLEADOS_PUESTOS_UNIDADES (ID_EMPLEADO_PUESTO_UNIDAD,ID_EMPLEADO,ID_PUESTO,ID_UNIDAD_ORGANIZACIONAL,FECHA_INICIO,FECHA_FIN) VALUES (503,503,505,500,'08-May-18',null );; -- Auxiliar de planilla
INSERT INTO EMPLEADOS_PUESTOS_UNIDADES (ID_EMPLEADO_PUESTO_UNIDAD,ID_EMPLEADO,ID_PUESTO,ID_UNIDAD_ORGANIZACIONAL,FECHA_INICIO,FECHA_FIN) VALUES (504,504,500,500,'22-Dec-17',null );; -- Presupuestario
INSERT INTO EMPLEADOS_PUESTOS_UNIDADES (ID_EMPLEADO_PUESTO_UNIDAD,ID_EMPLEADO,ID_PUESTO,ID_UNIDAD_ORGANIZACIONAL,FECHA_INICIO,FECHA_FIN) VALUES (505,505,513,500,'12-Feb-18',null );;
INSERT INTO EMPLEADOS_PUESTOS_UNIDADES (ID_EMPLEADO_PUESTO_UNIDAD,ID_EMPLEADO,ID_PUESTO,ID_UNIDAD_ORGANIZACIONAL,FECHA_INICIO,FECHA_FIN) VALUES (506,506,512,500,'22-Jan-18',null );;
INSERT INTO EMPLEADOS_PUESTOS_UNIDADES (ID_EMPLEADO_PUESTO_UNIDAD,ID_EMPLEADO,ID_PUESTO,ID_UNIDAD_ORGANIZACIONAL,FECHA_INICIO,FECHA_FIN) VALUES (507,507,513,500,'24-Sep-17',null );;
INSERT INTO EMPLEADOS_PUESTOS_UNIDADES (ID_EMPLEADO_PUESTO_UNIDAD,ID_EMPLEADO,ID_PUESTO,ID_UNIDAD_ORGANIZACIONAL,FECHA_INICIO,FECHA_FIN) VALUES (508,508,510,500,'24-Aug-17',null );;
INSERT INTO EMPLEADOS_PUESTOS_UNIDADES (ID_EMPLEADO_PUESTO_UNIDAD,ID_EMPLEADO,ID_PUESTO,ID_UNIDAD_ORGANIZACIONAL,FECHA_INICIO,FECHA_FIN) VALUES (509,509,506,500,'09-Feb-18',null );;

INSERT INTO EMPLEADOS_PUESTOS_UNIDADES (ID_EMPLEADO_PUESTO_UNIDAD,ID_EMPLEADO,ID_PUESTO,ID_UNIDAD_ORGANIZACIONAL,FECHA_INICIO,FECHA_FIN) VALUES (510,510,501,501,'12-Jul-17',null );; -- Jefe de unidad
INSERT INTO EMPLEADOS_PUESTOS_UNIDADES (ID_EMPLEADO_PUESTO_UNIDAD,ID_EMPLEADO,ID_PUESTO,ID_UNIDAD_ORGANIZACIONAL,FECHA_INICIO,FECHA_FIN) VALUES (511,511,512,501,'05-Jan-18',null );;
INSERT INTO EMPLEADOS_PUESTOS_UNIDADES (ID_EMPLEADO_PUESTO_UNIDAD,ID_EMPLEADO,ID_PUESTO,ID_UNIDAD_ORGANIZACIONAL,FECHA_INICIO,FECHA_FIN) VALUES (512,512,509,501,'23-Jun-17',null );;
INSERT INTO EMPLEADOS_PUESTOS_UNIDADES (ID_EMPLEADO_PUESTO_UNIDAD,ID_EMPLEADO,ID_PUESTO,ID_UNIDAD_ORGANIZACIONAL,FECHA_INICIO,FECHA_FIN) VALUES (513,513,513,501,'03-Feb-18',null );;
INSERT INTO EMPLEADOS_PUESTOS_UNIDADES (ID_EMPLEADO_PUESTO_UNIDAD,ID_EMPLEADO,ID_PUESTO,ID_UNIDAD_ORGANIZACIONAL,FECHA_INICIO,FECHA_FIN) VALUES (514,514,506,501,'20-Dec-17',null );;
INSERT INTO EMPLEADOS_PUESTOS_UNIDADES (ID_EMPLEADO_PUESTO_UNIDAD,ID_EMPLEADO,ID_PUESTO,ID_UNIDAD_ORGANIZACIONAL,FECHA_INICIO,FECHA_FIN) VALUES (515,515,507,501,'01-Jan-18',null );;
INSERT INTO EMPLEADOS_PUESTOS_UNIDADES (ID_EMPLEADO_PUESTO_UNIDAD,ID_EMPLEADO,ID_PUESTO,ID_UNIDAD_ORGANIZACIONAL,FECHA_INICIO,FECHA_FIN) VALUES (516,516,512,501,'24-Dec-17',null );;
INSERT INTO EMPLEADOS_PUESTOS_UNIDADES (ID_EMPLEADO_PUESTO_UNIDAD,ID_EMPLEADO,ID_PUESTO,ID_UNIDAD_ORGANIZACIONAL,FECHA_INICIO,FECHA_FIN) VALUES (517,517,512,501,'06-Jul-17',null );;
INSERT INTO EMPLEADOS_PUESTOS_UNIDADES (ID_EMPLEADO_PUESTO_UNIDAD,ID_EMPLEADO,ID_PUESTO,ID_UNIDAD_ORGANIZACIONAL,FECHA_INICIO,FECHA_FIN) VALUES (518,518,509,501,'15-Jun-18',null );;
INSERT INTO EMPLEADOS_PUESTOS_UNIDADES (ID_EMPLEADO_PUESTO_UNIDAD,ID_EMPLEADO,ID_PUESTO,ID_UNIDAD_ORGANIZACIONAL,FECHA_INICIO,FECHA_FIN) VALUES (519,519,507,501,'05-Nov-17',null );;

INSERT INTO EMPLEADOS_PUESTOS_UNIDADES (ID_EMPLEADO_PUESTO_UNIDAD,ID_EMPLEADO,ID_PUESTO,ID_UNIDAD_ORGANIZACIONAL,FECHA_INICIO,FECHA_FIN) VALUES (520,520,501,502,'22-Feb-18',null );; -- Jefe de unidad
INSERT INTO EMPLEADOS_PUESTOS_UNIDADES (ID_EMPLEADO_PUESTO_UNIDAD,ID_EMPLEADO,ID_PUESTO,ID_UNIDAD_ORGANIZACIONAL,FECHA_INICIO,FECHA_FIN) VALUES (521,521,512,502,'29-Nov-17',null );;
INSERT INTO EMPLEADOS_PUESTOS_UNIDADES (ID_EMPLEADO_PUESTO_UNIDAD,ID_EMPLEADO,ID_PUESTO,ID_UNIDAD_ORGANIZACIONAL,FECHA_INICIO,FECHA_FIN) VALUES (522,522,509,502,'24-Dec-17',null );;
INSERT INTO EMPLEADOS_PUESTOS_UNIDADES (ID_EMPLEADO_PUESTO_UNIDAD,ID_EMPLEADO,ID_PUESTO,ID_UNIDAD_ORGANIZACIONAL,FECHA_INICIO,FECHA_FIN) VALUES (523,523,506,502,'01-Dec-17',null );;
INSERT INTO EMPLEADOS_PUESTOS_UNIDADES (ID_EMPLEADO_PUESTO_UNIDAD,ID_EMPLEADO,ID_PUESTO,ID_UNIDAD_ORGANIZACIONAL,FECHA_INICIO,FECHA_FIN) VALUES (524,524,509,502,'10-Mar-18',null );;
INSERT INTO EMPLEADOS_PUESTOS_UNIDADES (ID_EMPLEADO_PUESTO_UNIDAD,ID_EMPLEADO,ID_PUESTO,ID_UNIDAD_ORGANIZACIONAL,FECHA_INICIO,FECHA_FIN) VALUES (525,525,510,502,'16-Mar-18',null );;
INSERT INTO EMPLEADOS_PUESTOS_UNIDADES (ID_EMPLEADO_PUESTO_UNIDAD,ID_EMPLEADO,ID_PUESTO,ID_UNIDAD_ORGANIZACIONAL,FECHA_INICIO,FECHA_FIN) VALUES (526,526,508,502,'23-Apr-18',null );;
INSERT INTO EMPLEADOS_PUESTOS_UNIDADES (ID_EMPLEADO_PUESTO_UNIDAD,ID_EMPLEADO,ID_PUESTO,ID_UNIDAD_ORGANIZACIONAL,FECHA_INICIO,FECHA_FIN) VALUES (527,527,511,502,'26-Dec-17',null );;
INSERT INTO EMPLEADOS_PUESTOS_UNIDADES (ID_EMPLEADO_PUESTO_UNIDAD,ID_EMPLEADO,ID_PUESTO,ID_UNIDAD_ORGANIZACIONAL,FECHA_INICIO,FECHA_FIN) VALUES (528,528,509,502,'22-Mar-18',null );;
INSERT INTO EMPLEADOS_PUESTOS_UNIDADES (ID_EMPLEADO_PUESTO_UNIDAD,ID_EMPLEADO,ID_PUESTO,ID_UNIDAD_ORGANIZACIONAL,FECHA_INICIO,FECHA_FIN) VALUES (529,529,507,502,'07-Aug-17',null );;

INSERT INTO EMPLEADOS_PUESTOS_UNIDADES (ID_EMPLEADO_PUESTO_UNIDAD,ID_EMPLEADO,ID_PUESTO,ID_UNIDAD_ORGANIZACIONAL,FECHA_INICIO,FECHA_FIN) VALUES (530,530,501,503,'23-Aug-17',null );; -- Jefe de unidad
INSERT INTO EMPLEADOS_PUESTOS_UNIDADES (ID_EMPLEADO_PUESTO_UNIDAD,ID_EMPLEADO,ID_PUESTO,ID_UNIDAD_ORGANIZACIONAL,FECHA_INICIO,FECHA_FIN) VALUES (531,531,512,503,'03-Jun-18',null );;
INSERT INTO EMPLEADOS_PUESTOS_UNIDADES (ID_EMPLEADO_PUESTO_UNIDAD,ID_EMPLEADO,ID_PUESTO,ID_UNIDAD_ORGANIZACIONAL,FECHA_INICIO,FECHA_FIN) VALUES (532,532,506,503,'25-May-18',null );;
INSERT INTO EMPLEADOS_PUESTOS_UNIDADES (ID_EMPLEADO_PUESTO_UNIDAD,ID_EMPLEADO,ID_PUESTO,ID_UNIDAD_ORGANIZACIONAL,FECHA_INICIO,FECHA_FIN) VALUES (533,533,513,503,'20-Jan-18',null );;
INSERT INTO EMPLEADOS_PUESTOS_UNIDADES (ID_EMPLEADO_PUESTO_UNIDAD,ID_EMPLEADO,ID_PUESTO,ID_UNIDAD_ORGANIZACIONAL,FECHA_INICIO,FECHA_FIN) VALUES (534,534,510,503,'12-Jul-17',null );;
INSERT INTO EMPLEADOS_PUESTOS_UNIDADES (ID_EMPLEADO_PUESTO_UNIDAD,ID_EMPLEADO,ID_PUESTO,ID_UNIDAD_ORGANIZACIONAL,FECHA_INICIO,FECHA_FIN) VALUES (535,535,509,503,'29-Mar-18',null );;
INSERT INTO EMPLEADOS_PUESTOS_UNIDADES (ID_EMPLEADO_PUESTO_UNIDAD,ID_EMPLEADO,ID_PUESTO,ID_UNIDAD_ORGANIZACIONAL,FECHA_INICIO,FECHA_FIN) VALUES (536,536,512,503,'27-Nov-17',null );;
INSERT INTO EMPLEADOS_PUESTOS_UNIDADES (ID_EMPLEADO_PUESTO_UNIDAD,ID_EMPLEADO,ID_PUESTO,ID_UNIDAD_ORGANIZACIONAL,FECHA_INICIO,FECHA_FIN) VALUES (537,537,506,503,'29-Jun-17',null );;
INSERT INTO EMPLEADOS_PUESTOS_UNIDADES (ID_EMPLEADO_PUESTO_UNIDAD,ID_EMPLEADO,ID_PUESTO,ID_UNIDAD_ORGANIZACIONAL,FECHA_INICIO,FECHA_FIN) VALUES (538,538,506,503,'21-Mar-18',null );;
INSERT INTO EMPLEADOS_PUESTOS_UNIDADES (ID_EMPLEADO_PUESTO_UNIDAD,ID_EMPLEADO,ID_PUESTO,ID_UNIDAD_ORGANIZACIONAL,FECHA_INICIO,FECHA_FIN) VALUES (539,539,512,503,'02-Apr-18',null );;

INSERT INTO EMPLEADOS_PUESTOS_UNIDADES (ID_EMPLEADO_PUESTO_UNIDAD,ID_EMPLEADO,ID_PUESTO,ID_UNIDAD_ORGANIZACIONAL,FECHA_INICIO,FECHA_FIN) VALUES (540,540,501,504,'14-Jan-18',null );; -- Jefe de unidad
INSERT INTO EMPLEADOS_PUESTOS_UNIDADES (ID_EMPLEADO_PUESTO_UNIDAD,ID_EMPLEADO,ID_PUESTO,ID_UNIDAD_ORGANIZACIONAL,FECHA_INICIO,FECHA_FIN) VALUES (541,541,513,504,'30-Dec-17',null );;
INSERT INTO EMPLEADOS_PUESTOS_UNIDADES (ID_EMPLEADO_PUESTO_UNIDAD,ID_EMPLEADO,ID_PUESTO,ID_UNIDAD_ORGANIZACIONAL,FECHA_INICIO,FECHA_FIN) VALUES (542,542,510,504,'05-Sep-17',null );;
INSERT INTO EMPLEADOS_PUESTOS_UNIDADES (ID_EMPLEADO_PUESTO_UNIDAD,ID_EMPLEADO,ID_PUESTO,ID_UNIDAD_ORGANIZACIONAL,FECHA_INICIO,FECHA_FIN) VALUES (543,543,509,504,'05-Apr-18',null );;
INSERT INTO EMPLEADOS_PUESTOS_UNIDADES (ID_EMPLEADO_PUESTO_UNIDAD,ID_EMPLEADO,ID_PUESTO,ID_UNIDAD_ORGANIZACIONAL,FECHA_INICIO,FECHA_FIN) VALUES (544,544,513,504,'15-Dec-17',null );;
INSERT INTO EMPLEADOS_PUESTOS_UNIDADES (ID_EMPLEADO_PUESTO_UNIDAD,ID_EMPLEADO,ID_PUESTO,ID_UNIDAD_ORGANIZACIONAL,FECHA_INICIO,FECHA_FIN) VALUES (545,545,510,504,'02-Jan-18',null );;
INSERT INTO EMPLEADOS_PUESTOS_UNIDADES (ID_EMPLEADO_PUESTO_UNIDAD,ID_EMPLEADO,ID_PUESTO,ID_UNIDAD_ORGANIZACIONAL,FECHA_INICIO,FECHA_FIN) VALUES (546,546,512,504,'11-Mar-18',null );;
INSERT INTO EMPLEADOS_PUESTOS_UNIDADES (ID_EMPLEADO_PUESTO_UNIDAD,ID_EMPLEADO,ID_PUESTO,ID_UNIDAD_ORGANIZACIONAL,FECHA_INICIO,FECHA_FIN) VALUES (547,547,511,504,'03-Jan-18',null );;
INSERT INTO EMPLEADOS_PUESTOS_UNIDADES (ID_EMPLEADO_PUESTO_UNIDAD,ID_EMPLEADO,ID_PUESTO,ID_UNIDAD_ORGANIZACIONAL,FECHA_INICIO,FECHA_FIN) VALUES (548,548,509,504,'18-May-18',null );;
INSERT INTO EMPLEADOS_PUESTOS_UNIDADES (ID_EMPLEADO_PUESTO_UNIDAD,ID_EMPLEADO,ID_PUESTO,ID_UNIDAD_ORGANIZACIONAL,FECHA_INICIO,FECHA_FIN) VALUES (549,549,511,504,'20-Jun-18',null );;

INSERT INTO EMPLEADOS_PUESTOS_UNIDADES (ID_EMPLEADO_PUESTO_UNIDAD,ID_EMPLEADO,ID_PUESTO,ID_UNIDAD_ORGANIZACIONAL,FECHA_INICIO,FECHA_FIN) VALUES (550,550,501,505,'26-Mar-18',null );; -- Jefe de unidad
INSERT INTO EMPLEADOS_PUESTOS_UNIDADES (ID_EMPLEADO_PUESTO_UNIDAD,ID_EMPLEADO,ID_PUESTO,ID_UNIDAD_ORGANIZACIONAL,FECHA_INICIO,FECHA_FIN) VALUES (551,551,509,505,'11-Feb-18',null );;
INSERT INTO EMPLEADOS_PUESTOS_UNIDADES (ID_EMPLEADO_PUESTO_UNIDAD,ID_EMPLEADO,ID_PUESTO,ID_UNIDAD_ORGANIZACIONAL,FECHA_INICIO,FECHA_FIN) VALUES (552,552,511,505,'04-Feb-18',null );;
INSERT INTO EMPLEADOS_PUESTOS_UNIDADES (ID_EMPLEADO_PUESTO_UNIDAD,ID_EMPLEADO,ID_PUESTO,ID_UNIDAD_ORGANIZACIONAL,FECHA_INICIO,FECHA_FIN) VALUES (553,553,506,505,'10-Jul-17',null );;
INSERT INTO EMPLEADOS_PUESTOS_UNIDADES (ID_EMPLEADO_PUESTO_UNIDAD,ID_EMPLEADO,ID_PUESTO,ID_UNIDAD_ORGANIZACIONAL,FECHA_INICIO,FECHA_FIN) VALUES (554,554,511,505,'29-Dec-17',null );;
INSERT INTO EMPLEADOS_PUESTOS_UNIDADES (ID_EMPLEADO_PUESTO_UNIDAD,ID_EMPLEADO,ID_PUESTO,ID_UNIDAD_ORGANIZACIONAL,FECHA_INICIO,FECHA_FIN) VALUES (555,555,511,505,'30-Jul-17',null );;
INSERT INTO EMPLEADOS_PUESTOS_UNIDADES (ID_EMPLEADO_PUESTO_UNIDAD,ID_EMPLEADO,ID_PUESTO,ID_UNIDAD_ORGANIZACIONAL,FECHA_INICIO,FECHA_FIN) VALUES (556,556,507,505,'22-Mar-18',null );;
INSERT INTO EMPLEADOS_PUESTOS_UNIDADES (ID_EMPLEADO_PUESTO_UNIDAD,ID_EMPLEADO,ID_PUESTO,ID_UNIDAD_ORGANIZACIONAL,FECHA_INICIO,FECHA_FIN) VALUES (557,557,508,505,'03-Apr-18',null );;
INSERT INTO EMPLEADOS_PUESTOS_UNIDADES (ID_EMPLEADO_PUESTO_UNIDAD,ID_EMPLEADO,ID_PUESTO,ID_UNIDAD_ORGANIZACIONAL,FECHA_INICIO,FECHA_FIN) VALUES (558,558,507,505,'04-Jul-17',null );;
INSERT INTO EMPLEADOS_PUESTOS_UNIDADES (ID_EMPLEADO_PUESTO_UNIDAD,ID_EMPLEADO,ID_PUESTO,ID_UNIDAD_ORGANIZACIONAL,FECHA_INICIO,FECHA_FIN) VALUES (559,559,507,505,'27-Feb-18',null );;

INSERT INTO EMPLEADOS_PUESTOS_UNIDADES (ID_EMPLEADO_PUESTO_UNIDAD,ID_EMPLEADO,ID_PUESTO,ID_UNIDAD_ORGANIZACIONAL,FECHA_INICIO,FECHA_FIN) VALUES (560,560,501,506,'08-Oct-17',null );; -- Jefe de unidad
INSERT INTO EMPLEADOS_PUESTOS_UNIDADES (ID_EMPLEADO_PUESTO_UNIDAD,ID_EMPLEADO,ID_PUESTO,ID_UNIDAD_ORGANIZACIONAL,FECHA_INICIO,FECHA_FIN) VALUES (561,561,508,506,'09-Dec-17',null );;
INSERT INTO EMPLEADOS_PUESTOS_UNIDADES (ID_EMPLEADO_PUESTO_UNIDAD,ID_EMPLEADO,ID_PUESTO,ID_UNIDAD_ORGANIZACIONAL,FECHA_INICIO,FECHA_FIN) VALUES (562,562,513,506,'01-Jun-18',null );;
INSERT INTO EMPLEADOS_PUESTOS_UNIDADES (ID_EMPLEADO_PUESTO_UNIDAD,ID_EMPLEADO,ID_PUESTO,ID_UNIDAD_ORGANIZACIONAL,FECHA_INICIO,FECHA_FIN) VALUES (563,563,506,506,'28-Apr-18',null );;
INSERT INTO EMPLEADOS_PUESTOS_UNIDADES (ID_EMPLEADO_PUESTO_UNIDAD,ID_EMPLEADO,ID_PUESTO,ID_UNIDAD_ORGANIZACIONAL,FECHA_INICIO,FECHA_FIN) VALUES (564,564,512,506,'17-Apr-18',null );;
INSERT INTO EMPLEADOS_PUESTOS_UNIDADES (ID_EMPLEADO_PUESTO_UNIDAD,ID_EMPLEADO,ID_PUESTO,ID_UNIDAD_ORGANIZACIONAL,FECHA_INICIO,FECHA_FIN) VALUES (565,565,512,506,'10-Feb-18',null );;
INSERT INTO EMPLEADOS_PUESTOS_UNIDADES (ID_EMPLEADO_PUESTO_UNIDAD,ID_EMPLEADO,ID_PUESTO,ID_UNIDAD_ORGANIZACIONAL,FECHA_INICIO,FECHA_FIN) VALUES (566,566,510,506,'24-Feb-18',null );;
INSERT INTO EMPLEADOS_PUESTOS_UNIDADES (ID_EMPLEADO_PUESTO_UNIDAD,ID_EMPLEADO,ID_PUESTO,ID_UNIDAD_ORGANIZACIONAL,FECHA_INICIO,FECHA_FIN) VALUES (567,567,508,506,'30-Jul-17',null );;
INSERT INTO EMPLEADOS_PUESTOS_UNIDADES (ID_EMPLEADO_PUESTO_UNIDAD,ID_EMPLEADO,ID_PUESTO,ID_UNIDAD_ORGANIZACIONAL,FECHA_INICIO,FECHA_FIN) VALUES (568,568,513,506,'25-Apr-18',null );;
INSERT INTO EMPLEADOS_PUESTOS_UNIDADES (ID_EMPLEADO_PUESTO_UNIDAD,ID_EMPLEADO,ID_PUESTO,ID_UNIDAD_ORGANIZACIONAL,FECHA_INICIO,FECHA_FIN) VALUES (569,569,509,506,'07-Jul-17',null );;

INSERT INTO EMPLEADOS_PUESTOS_UNIDADES (ID_EMPLEADO_PUESTO_UNIDAD,ID_EMPLEADO,ID_PUESTO,ID_UNIDAD_ORGANIZACIONAL,FECHA_INICIO,FECHA_FIN) VALUES (570,570,501,507,'05-Jan-18',null );; -- Jefe de unidad
INSERT INTO EMPLEADOS_PUESTOS_UNIDADES (ID_EMPLEADO_PUESTO_UNIDAD,ID_EMPLEADO,ID_PUESTO,ID_UNIDAD_ORGANIZACIONAL,FECHA_INICIO,FECHA_FIN) VALUES (571,571,508,507,'18-May-18',null );;
INSERT INTO EMPLEADOS_PUESTOS_UNIDADES (ID_EMPLEADO_PUESTO_UNIDAD,ID_EMPLEADO,ID_PUESTO,ID_UNIDAD_ORGANIZACIONAL,FECHA_INICIO,FECHA_FIN) VALUES (572,572,512,507,'19-Nov-17',null );;
INSERT INTO EMPLEADOS_PUESTOS_UNIDADES (ID_EMPLEADO_PUESTO_UNIDAD,ID_EMPLEADO,ID_PUESTO,ID_UNIDAD_ORGANIZACIONAL,FECHA_INICIO,FECHA_FIN) VALUES (573,573,509,507,'08-Apr-18',null );;
INSERT INTO EMPLEADOS_PUESTOS_UNIDADES (ID_EMPLEADO_PUESTO_UNIDAD,ID_EMPLEADO,ID_PUESTO,ID_UNIDAD_ORGANIZACIONAL,FECHA_INICIO,FECHA_FIN) VALUES (574,574,513,507,'14-Dec-17',null );;
INSERT INTO EMPLEADOS_PUESTOS_UNIDADES (ID_EMPLEADO_PUESTO_UNIDAD,ID_EMPLEADO,ID_PUESTO,ID_UNIDAD_ORGANIZACIONAL,FECHA_INICIO,FECHA_FIN) VALUES (575,575,510,507,'25-Sep-17',null );;
INSERT INTO EMPLEADOS_PUESTOS_UNIDADES (ID_EMPLEADO_PUESTO_UNIDAD,ID_EMPLEADO,ID_PUESTO,ID_UNIDAD_ORGANIZACIONAL,FECHA_INICIO,FECHA_FIN) VALUES (576,576,510,507,'05-Nov-17',null );;
INSERT INTO EMPLEADOS_PUESTOS_UNIDADES (ID_EMPLEADO_PUESTO_UNIDAD,ID_EMPLEADO,ID_PUESTO,ID_UNIDAD_ORGANIZACIONAL,FECHA_INICIO,FECHA_FIN) VALUES (577,577,508,507,'06-Nov-17',null );;
INSERT INTO EMPLEADOS_PUESTOS_UNIDADES (ID_EMPLEADO_PUESTO_UNIDAD,ID_EMPLEADO,ID_PUESTO,ID_UNIDAD_ORGANIZACIONAL,FECHA_INICIO,FECHA_FIN) VALUES (578,578,512,507,'04-Nov-17',null );;
INSERT INTO EMPLEADOS_PUESTOS_UNIDADES (ID_EMPLEADO_PUESTO_UNIDAD,ID_EMPLEADO,ID_PUESTO,ID_UNIDAD_ORGANIZACIONAL,FECHA_INICIO,FECHA_FIN) VALUES (579,579,510,507,'04-Dec-17',null );;

INSERT INTO EMPLEADOS_PUESTOS_UNIDADES (ID_EMPLEADO_PUESTO_UNIDAD,ID_EMPLEADO,ID_PUESTO,ID_UNIDAD_ORGANIZACIONAL,FECHA_INICIO,FECHA_FIN) VALUES (580,580,501,508,'18-Dec-17',null );;-- Jefe de unidad
INSERT INTO EMPLEADOS_PUESTOS_UNIDADES (ID_EMPLEADO_PUESTO_UNIDAD,ID_EMPLEADO,ID_PUESTO,ID_UNIDAD_ORGANIZACIONAL,FECHA_INICIO,FECHA_FIN) VALUES (581,581,507,508,'29-Aug-17',null );;
INSERT INTO EMPLEADOS_PUESTOS_UNIDADES (ID_EMPLEADO_PUESTO_UNIDAD,ID_EMPLEADO,ID_PUESTO,ID_UNIDAD_ORGANIZACIONAL,FECHA_INICIO,FECHA_FIN) VALUES (582,582,509,508,'29-May-18',null );;
INSERT INTO EMPLEADOS_PUESTOS_UNIDADES (ID_EMPLEADO_PUESTO_UNIDAD,ID_EMPLEADO,ID_PUESTO,ID_UNIDAD_ORGANIZACIONAL,FECHA_INICIO,FECHA_FIN) VALUES (583,583,513,508,'31-Aug-17',null );;
INSERT INTO EMPLEADOS_PUESTOS_UNIDADES (ID_EMPLEADO_PUESTO_UNIDAD,ID_EMPLEADO,ID_PUESTO,ID_UNIDAD_ORGANIZACIONAL,FECHA_INICIO,FECHA_FIN) VALUES (584,584,510,508,'10-May-18',null );;
INSERT INTO EMPLEADOS_PUESTOS_UNIDADES (ID_EMPLEADO_PUESTO_UNIDAD,ID_EMPLEADO,ID_PUESTO,ID_UNIDAD_ORGANIZACIONAL,FECHA_INICIO,FECHA_FIN) VALUES (585,585,511,508,'15-May-18',null );;
INSERT INTO EMPLEADOS_PUESTOS_UNIDADES (ID_EMPLEADO_PUESTO_UNIDAD,ID_EMPLEADO,ID_PUESTO,ID_UNIDAD_ORGANIZACIONAL,FECHA_INICIO,FECHA_FIN) VALUES (586,586,508,508,'20-Oct-17',null );;
INSERT INTO EMPLEADOS_PUESTOS_UNIDADES (ID_EMPLEADO_PUESTO_UNIDAD,ID_EMPLEADO,ID_PUESTO,ID_UNIDAD_ORGANIZACIONAL,FECHA_INICIO,FECHA_FIN) VALUES (587,587,506,508,'01-May-18',null );;
INSERT INTO EMPLEADOS_PUESTOS_UNIDADES (ID_EMPLEADO_PUESTO_UNIDAD,ID_EMPLEADO,ID_PUESTO,ID_UNIDAD_ORGANIZACIONAL,FECHA_INICIO,FECHA_FIN) VALUES (588,588,508,508,'26-Sep-17',null );;
INSERT INTO EMPLEADOS_PUESTOS_UNIDADES (ID_EMPLEADO_PUESTO_UNIDAD,ID_EMPLEADO,ID_PUESTO,ID_UNIDAD_ORGANIZACIONAL,FECHA_INICIO,FECHA_FIN) VALUES (589,589,513,508,'07-Jan-18',null );;

INSERT INTO EMPLEADOS_PUESTOS_UNIDADES (ID_EMPLEADO_PUESTO_UNIDAD,ID_EMPLEADO,ID_PUESTO,ID_UNIDAD_ORGANIZACIONAL,FECHA_INICIO,FECHA_FIN) VALUES (590,590,501,509,'23-Jun-17',null );;-- Jefe de unidad
INSERT INTO EMPLEADOS_PUESTOS_UNIDADES (ID_EMPLEADO_PUESTO_UNIDAD,ID_EMPLEADO,ID_PUESTO,ID_UNIDAD_ORGANIZACIONAL,FECHA_INICIO,FECHA_FIN) VALUES (591,591,507,509,'13-Sep-17',null );;
INSERT INTO EMPLEADOS_PUESTOS_UNIDADES (ID_EMPLEADO_PUESTO_UNIDAD,ID_EMPLEADO,ID_PUESTO,ID_UNIDAD_ORGANIZACIONAL,FECHA_INICIO,FECHA_FIN) VALUES (592,592,509,509,'02-Aug-17',null );;
INSERT INTO EMPLEADOS_PUESTOS_UNIDADES (ID_EMPLEADO_PUESTO_UNIDAD,ID_EMPLEADO,ID_PUESTO,ID_UNIDAD_ORGANIZACIONAL,FECHA_INICIO,FECHA_FIN) VALUES (593,593,513,509,'23-Aug-17',null );;
INSERT INTO EMPLEADOS_PUESTOS_UNIDADES (ID_EMPLEADO_PUESTO_UNIDAD,ID_EMPLEADO,ID_PUESTO,ID_UNIDAD_ORGANIZACIONAL,FECHA_INICIO,FECHA_FIN) VALUES (594,594,512,509,'18-Jul-17',null );;
INSERT INTO EMPLEADOS_PUESTOS_UNIDADES (ID_EMPLEADO_PUESTO_UNIDAD,ID_EMPLEADO,ID_PUESTO,ID_UNIDAD_ORGANIZACIONAL,FECHA_INICIO,FECHA_FIN) VALUES (595,595,513,509,'10-Mar-18',null );;
INSERT INTO EMPLEADOS_PUESTOS_UNIDADES (ID_EMPLEADO_PUESTO_UNIDAD,ID_EMPLEADO,ID_PUESTO,ID_UNIDAD_ORGANIZACIONAL,FECHA_INICIO,FECHA_FIN) VALUES (596,596,508,509,'10-Feb-18',null );;
INSERT INTO EMPLEADOS_PUESTOS_UNIDADES (ID_EMPLEADO_PUESTO_UNIDAD,ID_EMPLEADO,ID_PUESTO,ID_UNIDAD_ORGANIZACIONAL,FECHA_INICIO,FECHA_FIN) VALUES (597,597,510,509,'22-Feb-18',null );;
INSERT INTO EMPLEADOS_PUESTOS_UNIDADES (ID_EMPLEADO_PUESTO_UNIDAD,ID_EMPLEADO,ID_PUESTO,ID_UNIDAD_ORGANIZACIONAL,FECHA_INICIO,FECHA_FIN) VALUES (598,598,507,509,'08-May-18',null );;
INSERT INTO EMPLEADOS_PUESTOS_UNIDADES (ID_EMPLEADO_PUESTO_UNIDAD,ID_EMPLEADO,ID_PUESTO,ID_UNIDAD_ORGANIZACIONAL,FECHA_INICIO,FECHA_FIN) VALUES (599,599,507,509,'23-Dec-17',null );;

INSERT INTO EMPLEADOS_PUESTOS_UNIDADES (ID_EMPLEADO_PUESTO_UNIDAD,ID_EMPLEADO,ID_PUESTO,ID_UNIDAD_ORGANIZACIONAL,FECHA_INICIO,FECHA_FIN) VALUES (600,600,501,510,'20-Jun-18',null );;-- Jefe de unidad
INSERT INTO EMPLEADOS_PUESTOS_UNIDADES (ID_EMPLEADO_PUESTO_UNIDAD,ID_EMPLEADO,ID_PUESTO,ID_UNIDAD_ORGANIZACIONAL,FECHA_INICIO,FECHA_FIN) VALUES (601,601,509,510,'04-Dec-17',null );;
INSERT INTO EMPLEADOS_PUESTOS_UNIDADES (ID_EMPLEADO_PUESTO_UNIDAD,ID_EMPLEADO,ID_PUESTO,ID_UNIDAD_ORGANIZACIONAL,FECHA_INICIO,FECHA_FIN) VALUES (602,602,507,510,'17-Dec-17',null );;
INSERT INTO EMPLEADOS_PUESTOS_UNIDADES (ID_EMPLEADO_PUESTO_UNIDAD,ID_EMPLEADO,ID_PUESTO,ID_UNIDAD_ORGANIZACIONAL,FECHA_INICIO,FECHA_FIN) VALUES (603,603,508,510,'09-Mar-18',null );;
INSERT INTO EMPLEADOS_PUESTOS_UNIDADES (ID_EMPLEADO_PUESTO_UNIDAD,ID_EMPLEADO,ID_PUESTO,ID_UNIDAD_ORGANIZACIONAL,FECHA_INICIO,FECHA_FIN) VALUES (604,604,506,510,'15-Oct-17',null );;
INSERT INTO EMPLEADOS_PUESTOS_UNIDADES (ID_EMPLEADO_PUESTO_UNIDAD,ID_EMPLEADO,ID_PUESTO,ID_UNIDAD_ORGANIZACIONAL,FECHA_INICIO,FECHA_FIN) VALUES (605,605,511,510,'05-Apr-18',null );;
INSERT INTO EMPLEADOS_PUESTOS_UNIDADES (ID_EMPLEADO_PUESTO_UNIDAD,ID_EMPLEADO,ID_PUESTO,ID_UNIDAD_ORGANIZACIONAL,FECHA_INICIO,FECHA_FIN) VALUES (606,606,508,510,'04-Nov-17',null );;
INSERT INTO EMPLEADOS_PUESTOS_UNIDADES (ID_EMPLEADO_PUESTO_UNIDAD,ID_EMPLEADO,ID_PUESTO,ID_UNIDAD_ORGANIZACIONAL,FECHA_INICIO,FECHA_FIN) VALUES (607,607,512,510,'18-May-18',null );;
INSERT INTO EMPLEADOS_PUESTOS_UNIDADES (ID_EMPLEADO_PUESTO_UNIDAD,ID_EMPLEADO,ID_PUESTO,ID_UNIDAD_ORGANIZACIONAL,FECHA_INICIO,FECHA_FIN) VALUES (608,608,512,510,'01-Jun-18',null );;
INSERT INTO EMPLEADOS_PUESTOS_UNIDADES (ID_EMPLEADO_PUESTO_UNIDAD,ID_EMPLEADO,ID_PUESTO,ID_UNIDAD_ORGANIZACIONAL,FECHA_INICIO,FECHA_FIN) VALUES (609,609,506,510,'15-Mar-18',null );;

INSERT INTO EMPLEADOS_PUESTOS_UNIDADES (ID_EMPLEADO_PUESTO_UNIDAD,ID_EMPLEADO,ID_PUESTO,ID_UNIDAD_ORGANIZACIONAL,FECHA_INICIO,FECHA_FIN) VALUES (610,610,501,511,'12-May-18',null );;-- Jefe de unidad
INSERT INTO EMPLEADOS_PUESTOS_UNIDADES (ID_EMPLEADO_PUESTO_UNIDAD,ID_EMPLEADO,ID_PUESTO,ID_UNIDAD_ORGANIZACIONAL,FECHA_INICIO,FECHA_FIN) VALUES (611,611,508,511,'10-Sep-17',null );;
INSERT INTO EMPLEADOS_PUESTOS_UNIDADES (ID_EMPLEADO_PUESTO_UNIDAD,ID_EMPLEADO,ID_PUESTO,ID_UNIDAD_ORGANIZACIONAL,FECHA_INICIO,FECHA_FIN) VALUES (612,612,509,511,'08-Jun-18',null );;
INSERT INTO EMPLEADOS_PUESTOS_UNIDADES (ID_EMPLEADO_PUESTO_UNIDAD,ID_EMPLEADO,ID_PUESTO,ID_UNIDAD_ORGANIZACIONAL,FECHA_INICIO,FECHA_FIN) VALUES (613,613,513,511,'26-Feb-18',null );;
INSERT INTO EMPLEADOS_PUESTOS_UNIDADES (ID_EMPLEADO_PUESTO_UNIDAD,ID_EMPLEADO,ID_PUESTO,ID_UNIDAD_ORGANIZACIONAL,FECHA_INICIO,FECHA_FIN) VALUES (614,614,506,511,'21-Jun-18',null );;
INSERT INTO EMPLEADOS_PUESTOS_UNIDADES (ID_EMPLEADO_PUESTO_UNIDAD,ID_EMPLEADO,ID_PUESTO,ID_UNIDAD_ORGANIZACIONAL,FECHA_INICIO,FECHA_FIN) VALUES (615,615,512,511,'13-Aug-17',null );;
INSERT INTO EMPLEADOS_PUESTOS_UNIDADES (ID_EMPLEADO_PUESTO_UNIDAD,ID_EMPLEADO,ID_PUESTO,ID_UNIDAD_ORGANIZACIONAL,FECHA_INICIO,FECHA_FIN) VALUES (616,616,508,511,'11-Sep-17',null );;
INSERT INTO EMPLEADOS_PUESTOS_UNIDADES (ID_EMPLEADO_PUESTO_UNIDAD,ID_EMPLEADO,ID_PUESTO,ID_UNIDAD_ORGANIZACIONAL,FECHA_INICIO,FECHA_FIN) VALUES (617,617,507,511,'15-Aug-17',null );;
INSERT INTO EMPLEADOS_PUESTOS_UNIDADES (ID_EMPLEADO_PUESTO_UNIDAD,ID_EMPLEADO,ID_PUESTO,ID_UNIDAD_ORGANIZACIONAL,FECHA_INICIO,FECHA_FIN) VALUES (618,618,506,511,'10-Apr-18',null );;
INSERT INTO EMPLEADOS_PUESTOS_UNIDADES (ID_EMPLEADO_PUESTO_UNIDAD,ID_EMPLEADO,ID_PUESTO,ID_UNIDAD_ORGANIZACIONAL,FECHA_INICIO,FECHA_FIN) VALUES (619,619,507,511,'28-Dec-17',null );;


-- Periodos Fin R.E
INSERT ALL
  INTO PERIODOS VALUES(500, 0, '30-Jan-19', '01-Jan-19', 500)
  INTO PERIODOS VALUES(500, 0, '28-Feb-19', '01-Feb-19', 500)
  INTO PERIODOS VALUES(500, 0, '30-Mar-19', '01-Mar-19', 500)
  INTO PERIODOS VALUES(500, 0, '30-Apr-19', '01-Apr-19', 500)
  INTO PERIODOS VALUES(500, 0, '30-May-19', '01-May-19', 500)
  INTO PERIODOS VALUES(500, 0, '30-Jun-19', '01-Jun-19', 500)
  INTO PERIODOS VALUES(500, 0, '30-Jul-19', '01-Jul-19', 500)
  INTO PERIODOS VALUES(500, 0, '30-Aug-19', '01-Aug-19', 500)
  INTO PERIODOS VALUES(500, 0, '30-Sep-19', '01-Sep-19', 500)
  INTO PERIODOS VALUES(500, 0, '30-Oct-19', '01-Oct-19', 500)
  INTO PERIODOS VALUES(500, 0, '30-Nov-19', '01-Nov-19', 500)
  INTO PERIODOS VALUES(500, 0, '30-Dec-19', '01-Dec-19', 500)
SELECT * FROM DUAL;;

/*----------------------PLANILLA----------------------*/
INSERT ALL
  INTO PLANILLAS(ID_PLANILLA, TOTAL_DESCUENTOS, TOTAL_INGRESOS, ID_EMPLEADO, ID_PERIODO) VALUES(100, 90, 150, 300, 129)
  INTO PLANILLAS(ID_PLANILLA, TOTAL_DESCUENTOS, TOTAL_INGRESOS, ID_EMPLEADO, ID_PERIODO) VALUES(101, 75, 225, 301, 129)
SELECT * FROM DUAL;;

/*----------------------PLANILLA MOVIMIENTOS----------------------*/
INSERT ALL
  INTO PLANILLA_MOVIMIENTOS VALUES(100, 150, 100, 1)
  INTO PLANILLA_MOVIMIENTOS VALUES(101, 150, 100, 2)
  INTO PLANILLA_MOVIMIENTOS VALUES(102, 150, 100, 3)
  INTO PLANILLA_MOVIMIENTOS VALUES(103, 150, 100, 4)
  INTO PLANILLA_MOVIMIENTOS VALUES(104, 150, 100, 5)
  INTO PLANILLA_MOVIMIENTOS VALUES(105, 150, 100, 1)
  INTO PLANILLA_MOVIMIENTOS VALUES(106, 150, 100, 2)
  INTO PLANILLA_MOVIMIENTOS VALUES(107, 150, 100, 3)
  INTO PLANILLA_MOVIMIENTOS VALUES(108, 150, 100, 4)
  INTO PLANILLA_MOVIMIENTOS VALUES(109, 150, 100, 5)
SELECT * FROM DUAL;;

-- Rangos de Renta Fin R.E.
INSERT ALL
  --Mensual
  INTO RANGOS_RENTA(id_rango_renta, cuota_fija, exceso, periodicidad_renta, porcentaje_renta, rango_renta_habilitado, salario_min, salario_max) VALUES(500, 0, 0, 30, 0, 1, 0.01, 472.00)
  INTO RANGOS_RENTA(id_rango_renta, cuota_fija, exceso, periodicidad_renta, porcentaje_renta, rango_renta_habilitado, salario_min, salario_max) VALUES(501, 17.67, 472.00, 30, 10, 1, 472.01, 895.24)
  INTO RANGOS_RENTA(id_rango_renta, cuota_fija, exceso, periodicidad_renta, porcentaje_renta, rango_renta_habilitado, salario_min, salario_max) VALUES(502, 60.00, 895.24, 30, 20, 1, 895.25, 2038.10)
  INTO RANGOS_RENTA(id_rango_renta, cuota_fija, exceso, periodicidad_renta, porcentaje_renta, rango_renta_habilitado, salario_min, salario_max) VALUES(503, 288.57, 2038.10, 30, 30, 1, 2038.11, 0)

  -- Quincenal
  INTO RANGOS_RENTA(id_rango_renta, cuota_fija, exceso, periodicidad_renta, porcentaje_renta, rango_renta_habilitado, salario_min, salario_max) VALUES(504, 0, 0, 15, 0, 1, 0.01, 236.00)
  INTO RANGOS_RENTA(id_rango_renta, cuota_fija, exceso, periodicidad_renta, porcentaje_renta, rango_renta_habilitado, salario_min, salario_max) VALUES(505, 8.83, 236, 15, 10, 1, 236.01, 447.62)
  INTO RANGOS_RENTA(id_rango_renta, cuota_fija, exceso, periodicidad_renta, porcentaje_renta, rango_renta_habilitado, salario_min, salario_max) VALUES(506, 30.00, 446.62, 15, 20, 1, 447.63, 1019.05)
  INTO RANGOS_RENTA(id_rango_renta, cuota_fija, exceso, periodicidad_renta, porcentaje_renta, rango_renta_habilitado, salario_min, salario_max) VALUES(507, 144.28, 1019.05, 15, 30, 1, 1019.06, 0)

SELECT * FROM DUAL;;

-- Rango Comision R.E.
INSERT INTO RANGOS_COMISION (id_rango_comision, venta_min, venta_max, tasa_comision, rango_comision_habilitado) VALUES (500,500.00,999.99,0.15,1);;
INSERT INTO RANGOS_COMISION (id_rango_comision, venta_min, venta_max, tasa_comision, rango_comision_habilitado) VALUES (501,1000.00,1499.99,0.25,1);;
INSERT INTO RANGOS_COMISION (id_rango_comision, venta_min, venta_max, tasa_comision, rango_comision_habilitado) VALUES (502,1500.00,1999.99,0.35,1);;


-- Dias Festivos Final R.E.
INSERT INTO DIAS_FESTIVOS (id_dia_festivo, dia, dia_descripcion, mes) VALUES (500, 1,  'Año Nuevo', 1);;
INSERT INTO DIAS_FESTIVOS (id_dia_festivo, dia, dia_descripcion, mes) VALUES (501, 1,  'Día del trabajo', 5);;
INSERT INTO DIAS_FESTIVOS (id_dia_festivo, dia, dia_descripcion, mes) VALUES (502, 10, 'Día de la madre', 5);;
INSERT INTO DIAS_FESTIVOS (id_dia_festivo, dia, dia_descripcion, mes) VALUES (503, 17, 'Día del padre', 6);;
INSERT INTO DIAS_FESTIVOS (id_dia_festivo, dia, dia_descripcion, mes) VALUES (504, 6,  'Fiestas agostinas', 8);;
INSERT INTO DIAS_FESTIVOS (id_dia_festivo, dia, dia_descripcion, mes) VALUES (505, 15, 'Día de la independencia', 9);;
INSERT INTO DIAS_FESTIVOS (id_dia_festivo, dia, dia_descripcion, mes) VALUES (506, 2,  'Día de los difuntos', 11);;
INSERT INTO DIAS_FESTIVOS (id_dia_festivo, dia, dia_descripcion, mes) VALUES (507, 25, 'Día de navidad', 12);;

